{"type":"FeatureCollection","features":[{"type":"Feature","properties":{"name":"Nayarit","state_code":18},"geometry":{"type":"MultiPolygon","coordinates":[[[[-105.45473515232503,22.665739967052904],[-105.45276669046534,22.661074459759966],[-105.39754333980535,22.60703527995826],[-105.38329291852625,22.565316536012823],[-105.35641601564751,22.5679384433431],[-105.35211439996337,22.568274619789797],[-105.27870417952623,22.568882459633727],[-105.2286325804736,22.55792759994273],[-105.22538421975841,22.559377859844258],[-105.21959670952019,22.554518829402937],[-105.21641075002243,22.550298520077003],[-105.2128964196339,22.54618620064423],[-105.20979939959848,22.545310319876872],[-105.20547394020723,22.538976489987583],[-105.20008925980639,22.538209539897036],[-105.19374386021603,22.538582049758215],[-105.18506461987675,22.538491819272412],[-105.17839608992531,22.538542979762664],[-105.17375302692001,22.540604500250343],[-105.17111211047477,22.5463714001059],[-105.16316647989721,22.550373319569204],[-105.15915888983517,22.55444218012988],[-105.1565443497553,22.556121109996354],[-105.1552506017266,22.559041750392716],[-105.15346417025802,22.56208557008951],[-105.14858146018274,22.56154504936399],[-105.141900320015,22.56005816153916],[-105.12953253975643,22.565104119681003],[-105.12218063005507,22.56580090978514],[-105.11836011030495,22.56746374931951],[-105.11422491951134,22.568201549420408],[-105.11124934029,22.57374024927806],[-105.1087973503668,22.577259739661244],[-105.10732054036663,22.5809388898024],[-105.10400555018082,22.583080619403113],[-105.1003690201376,22.58640271998452],[-104.98791254041073,22.498726579596667],[-104.9957247102224,22.485964779944723],[-105.00522386202944,22.48548029019034],[-105.00429218033092,22.479455969667484],[-105.00051718011231,22.47676058003884],[-105.00063363078067,22.47145748882222],[-104.99511191188037,22.466728706213047],[-104.99407000224484,22.459203980003036],[-105.00130297965867,22.457499089806177],[-105.00775402966416,22.462097939263685],[-105.01609974377975,22.462760262681513],[-105.02507185015104,22.45790999952356],[-105.02794622621464,22.454431540498685],[-105.03171588029154,22.4507834598309],[-105.03921022934192,22.443574029862788],[-105.04476983021266,22.434214279603072],[-105.05308816986262,22.4298317199729],[-105.04649916983959,22.426617739112803],[-105.04260592038331,22.426669709701567],[-105.0355814204267,22.41839164963788],[-105.03639832008867,22.410739319908014],[-105.03194219505917,22.40194182808466],[-105.03361043040339,22.39372216956928],[-105.03009190795038,22.385701120416453],[-105.03008452039154,22.379207179984792],[-105.02705044984329,22.37889290999269],[-105.02270686021784,22.37422664953789],[-105.02635526033382,22.370813739768906],[-105.03298597970853,22.366465309558908],[-105.03319588993766,22.361033549744345],[-105.03941972026064,22.359468629821915],[-105.04457949020747,22.358746619875692],[-105.05161811028289,22.35929024955772],[-105.05560087980949,22.356813089741326],[-105.06155394032824,22.353813180141792],[-105.06977130781065,22.35353065172514],[-105.07532817026798,22.351042979705568],[-105.0827695098193,22.348607889997858],[-105.0884735499788,22.349731630035123],[-105.09265700056423,22.350326739775277],[-105.09555988002681,22.35197570990896],[-105.10296248103012,22.354355819039522],[-105.1071491203419,22.353214830013638],[-105.11356473979087,22.349433320519285],[-105.11657741968408,22.346591309673055],[-105.11711425008332,22.340731779795128],[-105.11804359993548,22.33724913926982],[-105.11855933983881,22.32895895001415],[-105.11828925994196,22.32586534003325],[-105.1180915503853,22.321522319663607],[-105.117353430392,22.314837649503975],[-105.11888400081176,22.310259949741127],[-105.11827212014451,22.300445319900486],[-105.12764972960167,22.278944374181403],[-105.13852495016506,22.267197879657036],[-105.15436028017419,22.255527110025106],[-105.16255114040334,22.2582811399235],[-105.17405225009523,22.26394847932809],[-105.20705186008895,22.26943225009052],[-105.20859390962066,22.272451309502],[-105.2124187198678,22.271884369905134],[-105.21645281906865,22.27270298557816],[-105.23988998029826,22.274163819484542],[-105.25631591048446,22.275725679759628],[-105.27631457251228,22.30518833324594],[-105.28191293555946,22.30391457290364],[-105.29197704998086,22.313491949566696],[-105.29788317957629,22.325216819690567],[-105.29982951967882,22.330206049477216],[-105.29892878002076,22.3415518195751],[-105.32376532001759,22.3694733195782],[-105.32999151000541,22.371319689582236],[-105.33773688971215,22.37168693966204],[-105.34130869026848,22.357141779671977],[-105.38072276968755,22.36250399943825],[-105.3963807784189,22.36978234281265],[-105.40524536967153,22.37199598013643],[-105.4032489400055,22.37961664974328],[-105.40051769005996,22.38995119929421],[-105.39840852572456,22.397957551633237],[-105.40909587963425,22.400731450054426],[-105.4082919803201,22.414207179607004],[-105.41209438008921,22.42472290952751],[-105.40987818365846,22.437883050500723],[-105.4273950913825,22.440906736780796],[-105.44771918040144,22.44408102929724],[-105.4696903995259,22.448304619511255],[-105.47396667847653,22.456991910932743],[-105.47939254030788,22.462129999847388],[-105.51857149023286,22.464330779366083],[-105.52583612027578,22.46719962921456],[-105.52920453956135,22.473040549345736],[-105.53600251023742,22.471260940068937],[-105.5388525099255,22.465475749915022],[-105.53398058300763,22.45932311617757],[-105.53519137292294,22.45366511703537],[-105.53313486041353,22.447595649625377],[-105.52801308968722,22.448614289786118],[-105.52266338038167,22.426654910114582],[-105.51795708048171,22.406777889786376],[-105.52341531048057,22.416846169380733],[-105.53379923012305,22.428820689418096],[-105.54402510992941,22.43586834941219],[-105.56199577975863,22.447864949914567],[-105.55604487970197,22.455625450091418],[-105.5534499503267,22.462509659656405],[-105.54872638003636,22.462929139514568],[-105.55399852046257,22.475208580075158],[-105.5576936600068,22.478540169749923],[-105.56136184976687,22.482117849770614],[-105.56557370961798,22.487848019515074],[-105.56979265110999,22.48964181752903],[-105.57561427830551,22.493336862437413],[-105.58357623038609,22.49734737953991],[-105.61339608977745,22.50168367994497],[-105.61836878022449,22.513935619296984],[-105.62663682385251,22.51014342387352],[-105.63789905034976,22.5148401998304],[-105.63951291002334,22.523499179599717],[-105.64511922016638,22.52257083005565],[-105.64480576984532,22.518525719506535],[-105.67343896999402,22.53721908979092],[-105.68160637153139,22.572263803332834],[-105.66997005020349,22.576881219278],[-105.66291996966049,22.5850391394505],[-105.65732384968697,22.58353384926765],[-105.65452542981943,22.582222259922588],[-105.63971239965629,22.576886999531176],[-105.64040572024587,22.59337024965405],[-105.60630065972818,22.564006419829575],[-105.59734515043607,22.536304599764158],[-105.5416759402255,22.536536879309914],[-105.53506448023624,22.519716849862654],[-105.53133122048474,22.516136231666795],[-105.52456486043442,22.519801999344303],[-105.51681257198463,22.51993511973446],[-105.50616254999107,22.522675650119908],[-105.49927072017108,22.524688479301332],[-105.49307934004977,22.52245204934811],[-105.48740801422169,22.518426782117704],[-105.48255377036878,22.515659418331726],[-105.4815879404533,22.508808689919466],[-105.47555845998075,22.505615692548037],[-105.47155663020317,22.505323139423272],[-105.46417874755824,22.50840041553986],[-105.45775165023275,22.51388652004094],[-105.45053237992148,22.51969104932447],[-105.44154770857257,22.524614490272654],[-105.44405340016702,22.529945139873284],[-105.43728607991504,22.536897889911558],[-105.43681649379718,22.54074289319322],[-105.43483348024671,22.54881373997836],[-105.43765097758856,22.555741281794536],[-105.43731168003401,22.56246717981638],[-105.43759982320896,22.584911821155554],[-105.45620945979483,22.599717219933964],[-105.44811415017351,22.610979230016884],[-105.45103121868915,22.627039350891426],[-105.4699511201901,22.625156279271224],[-105.4702216799655,22.640064739637115],[-105.46039093989583,22.64754996930637],[-105.45944789013478,22.661191980008898],[-105.45473518006098,22.665739980054603],[-105.45473515232503,22.665739967052904]]],[[[-104.84006936993902,22.651109799895533],[-104.82990129003704,22.640471179353483],[-104.8190097499268,22.64043108942158],[-104.8140780895532,22.63435181997366],[-104.80685048973336,22.64006951971285],[-104.80512111038988,22.647672109314453],[-104.79354183009413,22.648606519521866],[-104.77918724971464,22.642931449351085],[-104.77676010952457,22.636220259808233],[-104.7766832203757,22.625969109805528],[-104.7761945399276,22.61426162947467],[-104.77864500035867,22.606880719282337],[-104.77789431032205,22.600571660046697],[-104.7759287862877,22.59471855222841],[-104.77546130985993,22.58622051986008],[-104.7673374600684,22.581137029586678],[-104.75925357033483,22.568514059254493],[-104.7333731797463,22.55823530931327],[-104.72020735045436,22.56880281962513],[-104.7098760303994,22.555828320060478],[-104.69499846023137,22.55662628000615],[-104.67717154958905,22.561133219786072],[-104.6675561496919,22.559991219286484],[-104.66257438036091,22.550416949601786],[-104.65871427969076,22.54401305938023],[-104.65640261654603,22.53786605808397],[-104.65679125992594,22.53321827959961],[-104.655283982876,22.529036649609456],[-104.65412674029318,22.499581689253905],[-104.60259573995843,22.45745485975362],[-104.60435787994702,22.450648879983664],[-104.60420033996363,22.444085049988967],[-104.60150911000852,22.43916836993101],[-104.59807297873424,22.432543138571077],[-104.59487048006885,22.426282539487946],[-104.59416787974936,22.422296569847706],[-104.59409567991347,22.41497227993182],[-104.59112388958542,22.41215122941243],[-104.58671847954679,22.408965570115644],[-104.58338505956787,22.40459964986835],[-104.57748213955884,22.39701521988407],[-104.56892477057697,22.394424093840744],[-104.55895669045414,22.39356202933621],[-104.55605050984722,22.386355629766335],[-104.55080660019358,22.384773629475905],[-104.54856972437469,22.37813481820607],[-104.54184438029762,22.372759549655015],[-104.53405487875686,22.36406790365754],[-104.52836258258183,22.362168144926688],[-104.52173968982633,22.36041374974503],[-104.51704179225764,22.357169281941527],[-104.51274168529933,22.353303817724456],[-104.50912208035884,22.34842768957859],[-104.50502090996876,22.34574965189862],[-104.49962694972548,22.346184060030943],[-104.49179614046777,22.35098765938451],[-104.48353107974833,22.349692829454654],[-104.49113541981494,22.357943219892093],[-104.49123168989892,22.372279109882705],[-104.39610618314107,22.412407793610686],[-104.29284441897234,22.364565619584184],[-104.28915202104679,22.357630314453974],[-104.28927665043997,22.35214659959333],[-104.29253241867421,22.344748459392147],[-104.29569168989538,22.340152429989594],[-104.29717322971503,22.328767569316206],[-104.29856997990193,22.32496530994556],[-104.29646136983797,22.322462689818916],[-104.29273737037195,22.320033459931324],[-104.29460351985385,22.31386691013677],[-104.2932006800486,22.31047856926305],[-104.29264563998419,22.307390342109148],[-104.28720871686912,22.30481458006141],[-104.28447881970718,22.29896699939909],[-104.28713722987689,22.296108659965405],[-104.28971109002187,22.29227418008127],[-104.28953314696312,22.28732036567009],[-104.2929114899027,22.283822259485287],[-104.29811614018638,22.276088849333696],[-104.30305151983762,22.27048888971652],[-104.30776615024484,22.26435171965761],[-104.31204597996576,22.260932139655647],[-104.31604835017227,22.256364970022158],[-104.32098442026124,22.254825749270704],[-104.32353327955154,22.25075793979346],[-104.32716357022791,22.247919199680116],[-104.3285805862453,22.241483417904277],[-104.32743380002414,22.236398369728526],[-104.32606207601341,22.23228878202923],[-104.32912428027424,22.229882249649698],[-104.33174920038765,22.22551586010266],[-104.3328008299445,22.21948824925486],[-104.33462278001454,22.2155785998834],[-104.34123103038716,22.20875257953003],[-104.33498948987913,22.202256939328095],[-104.3346412904367,22.196449889440345],[-104.33589149003667,22.188331649371786],[-104.33892267995137,22.18553188974359],[-104.34614925961355,22.1802544194977],[-104.35029471728397,22.174684489877166],[-104.35382904972654,22.167037229863798],[-104.35486974132078,22.15944680031887],[-104.35527170965487,22.1486895401033],[-104.36125406591725,22.137024266176585],[-104.3629427988673,22.12423724833586],[-104.36470291947592,22.113371818159763],[-104.37164935894123,22.105314921260277],[-104.36937797992712,22.09672053939244],[-104.36713851558886,22.086538015138792],[-104.36450771011488,22.075673079503222],[-104.363430370115,22.061781829479116],[-104.36494782041072,22.048248109547725],[-104.3669347997481,22.04238185968635],[-104.36502854021002,22.036571859396187],[-104.36771345953622,22.028765349318725],[-104.36853305473511,22.02504189585951],[-104.36759922020721,22.020926860076262],[-104.36131278025984,22.019431629776474],[-104.36016360269161,22.0112641481008],[-104.3652619197931,22.001782879386262],[-104.36762885983255,21.99397761967699],[-104.36801565973778,21.98805747979233],[-104.36957376493608,21.982767631676396],[-104.36997998008182,21.97511927926482],[-104.37154235036623,21.957528749557472],[-104.43261241964204,21.746697229396553],[-104.4369965695592,21.74167473991793],[-104.44213074990567,21.736769049435583],[-104.43370468008494,21.731837109990398],[-104.43186005042314,21.72427356939015],[-104.43331837019169,21.71543712012509],[-104.43621565040957,21.706662049659315],[-104.43974341378758,21.69876619805261],[-104.43876275036723,21.690144979936946],[-104.43258745985264,21.64816305992846],[-104.47617162968037,21.57256096951808],[-104.47748717045803,21.47530051049189],[-104.49400174046409,21.478458546009698],[-104.51014470977766,21.46541770944466],[-104.53158189011342,21.46054710982336],[-104.54322471018989,21.48316778013932],[-104.53043497923844,21.51782538098003],[-104.55524598050094,21.52293852600381],[-104.57315785899011,21.551674220027564],[-104.57526448912762,21.581041720955806],[-104.60858833044777,21.639428219831306],[-104.66579018026462,21.73074121995397],[-104.682604477031,21.778748713244074],[-104.71285636990378,21.81753341938329],[-104.76492149007187,21.845459889454418],[-104.82211441969139,21.827388663596903],[-104.85133507966717,21.803677620030804],[-104.87492285962851,21.777189419816946],[-104.92035964974188,21.793275569972337],[-104.940619539972,21.812763399722254],[-104.88443445858418,21.884561137977432],[-104.89065374006512,21.888565149368375],[-104.87053061809566,21.937688598543144],[-104.85270164958091,21.946599999425935],[-104.83401777002926,21.977191649966226],[-104.79697902043529,22.001791769432767],[-104.80155209021345,22.00052145960088],[-104.80926185973172,22.00269093983468],[-104.81066052027839,22.006333270012245],[-104.8083389795456,22.022465200085456],[-104.98121501967942,22.16475676944518],[-104.982662320371,22.184736949721522],[-104.98574177002243,22.198369579300625],[-104.98768035030889,22.212877579271453],[-105.00602731972906,22.217991849352586],[-105.01155706017421,22.22692545008716],[-105.01126813679126,22.239717028045437],[-105.01020468017396,22.251078540060604],[-105.00846293960315,22.25977005975697],[-105.01101543141579,22.268426428313415],[-105.01912025002616,22.276411399672213],[-105.025025649603,22.28852979969541],[-105.02140301599964,22.298895038044556],[-105.02931211122676,22.307113106552038],[-105.04250623499952,22.307267195958712],[-105.04710862720825,22.32179382142318],[-105.05142051976287,22.33020441974334],[-105.04508464973156,22.335801779675535],[-105.0368461995586,22.35130091947595],[-105.03319587691664,22.3610335781489],[-105.02837668016228,22.37059294880335],[-105.0239960749327,22.37815605060127],[-105.03025995015187,22.380988059780734],[-105.03034704957159,22.38630604938907],[-105.03202495018627,22.40170406009377],[-105.03401634994192,22.417185719654547],[-105.04530392043796,22.42753648013219],[-105.05421929796704,22.42792750492868],[-105.04476979786799,22.434214317470705],[-105.03469617986916,22.45039267972545],[-105.02691531014891,22.45645759991335],[-105.01413395022722,22.463491199309527],[-105.00086262959448,22.457362169623796],[-104.99478615013965,22.46658361950067],[-105.00135915019575,22.47421530998364],[-105.00636984318598,22.481720106497104],[-104.99224037965354,22.48564979945337],[-104.84006936993902,22.651109799895533]]],[[[-105.04111742844451,22.35989186376173],[-105.03569437046578,22.35825739985127],[-105.0368461995586,22.35130091947595],[-105.04344171975286,22.340700479700814],[-105.04771834033133,22.33244316955551],[-105.05147296246155,22.330481974100127],[-105.04606028048116,22.323779749889418],[-105.04707624991923,22.319872620010628],[-105.04304529466413,22.308071347928337],[-105.03385274978373,22.306789849716733],[-105.02456445045243,22.305876509325174],[-105.0213642503534,22.29921585010345],[-105.02315137977489,22.29407941960009],[-105.02378703001733,22.287911280041744],[-105.0207101398424,22.279937459355775],[-105.0140566501807,22.270607890030657],[-105.00956738314008,22.266142868559243],[-105.00827456874276,22.26233380445351],[-105.00969857791395,22.25612961841742],[-105.0103774299796,22.249649509979516],[-105.01138986433892,22.24159563331879],[-105.01311433958064,22.234152539659085],[-105.01052588955727,22.226232079276308],[-105.00838692544558,22.218869965096125],[-104.99885912780215,22.214322016441212],[-104.98587132008058,22.21150082966459],[-104.98381706016947,22.201786149928402],[-104.98467935015351,22.19443175005391],[-104.98325774196562,22.183497670239106],[-104.98739839989236,22.172653429491177],[-104.97425451985406,22.153583349750157],[-104.9660992320624,22.156336662018358],[-104.962191905041,22.149366337790934],[-104.9562187504007,22.12886711935278],[-104.94853038886212,22.110115857060695],[-104.94700771068867,22.09437738161082],[-104.9459899487455,22.0777602606149],[-104.94137975011682,22.06392445960031],[-104.93272955049017,22.042135169849672],[-104.93783211957177,22.03346882951094],[-104.95331263376073,22.020983687412468],[-104.96668411048226,22.015601080150528],[-104.96151577954363,22.003686339961757],[-104.94847431019487,21.992499349668478],[-104.95682662991598,21.983936920106032],[-104.96204502976119,21.96470436972057],[-104.97773666045771,21.949657969313325],[-104.99547816149887,21.947613924049705],[-105.01348002982195,21.947021203516034],[-105.04761846040456,21.945892250672962],[-105.05497533767782,21.96769900069082],[-105.06526497883588,21.963013660598268],[-105.0752800896717,21.952709970433602],[-105.08604031319511,21.94172066135579],[-105.10999406043587,21.9422062599175],[-105.11738362018359,21.94303073927713],[-105.13081822036357,21.94601797944133],[-105.12577867639816,21.95160847863907],[-105.12394309719274,21.955129198506164],[-105.12221159961278,21.958453619612126],[-105.11861401499371,21.96485607634746],[-105.12789470980906,21.977043139684028],[-105.13871574967274,21.968450569588438],[-105.14563247636468,21.96415096786053],[-105.15255257035925,21.967729140059514],[-105.158088290391,21.967021224223362],[-105.16588854986878,21.96561844995267],[-105.17790630987805,21.961906139323194],[-105.19927554029753,21.954842169970657],[-105.22157255241235,21.957015720644087],[-105.22584242960954,21.95571074957504],[-105.23003491018102,21.952136780151204],[-105.23580908900988,21.95706377976383],[-105.2448622904738,21.970066719580334],[-105.25594773958676,21.96601477104221],[-105.2609404801051,21.94293426012942],[-105.27068345977057,21.946509080711127],[-105.27404367978613,21.945945287765664],[-105.27747619974818,21.945705109729833],[-105.28043209499731,21.94509795048471],[-105.28391722581655,21.944112364773616],[-105.28687179968634,21.942450919509987],[-105.29008247543594,21.94253181991119],[-105.29352608021253,21.943563779396797],[-105.29678965962026,21.945706689343794],[-105.29933014990712,21.948157029889757],[-105.30204074025137,21.9496960508458],[-105.30461115248612,21.951722272037127],[-105.30345294886607,21.954973767693616],[-105.3000997894154,21.95345177329315],[-105.29869302999414,21.95620255071302],[-105.30464749031687,21.969043949327677],[-105.31842547974469,21.978391119791805],[-105.33609998048932,21.98773961990476],[-105.34175142967584,21.986426249824106],[-105.34305990521722,21.99553425703012],[-105.34893828033918,22.002352689482073],[-105.36047045045481,22.00075840005976],[-105.38160439977304,21.997727909881863],[-105.38968745035088,21.999006568101027],[-105.39427367962206,21.99849059957317],[-105.40345208994,21.99733262966118],[-105.41861596979349,22.00803574974416],[-105.42509949440775,21.998843551410182],[-105.48833700328511,22.07882429740126],[-105.51953864995643,22.087650429279],[-105.57085361627145,22.132547550569047],[-105.54120235116537,22.13117925612245],[-105.56239861975897,22.176638919323857],[-105.51052271022071,22.18516105975983],[-105.49877451014684,22.221140540148],[-105.49093064967109,22.213849619654184],[-105.48051061967972,22.213273619828946],[-105.46905790969696,22.199126289799928],[-105.4547805685984,22.206313420643998],[-105.43541920065013,22.20570437518891],[-105.42946291033856,22.20773395006266],[-105.42461328177238,22.199061019364407],[-105.41270108141137,22.23883013591577],[-105.3945418503327,22.242045660121896],[-105.3826382499482,22.245724879316835],[-105.3689598902304,22.256560999712814],[-105.3720522593427,22.234376938328683],[-105.33839219452894,22.240224796300375],[-105.34058086033205,22.24287621981989],[-105.34521489053289,22.245894279772852],[-105.30800639987764,22.248701199623984],[-105.28226911033205,22.254907199666423],[-105.26645363009162,22.259698379576765],[-105.25975890981566,22.26732534013611],[-105.2450762902745,22.267790579635992],[-105.21645281906865,22.27270298557816],[-105.21193051962364,22.272158279547472],[-105.20889921581418,22.271051052691355],[-105.18674870991775,22.264764179762594],[-105.16255114040334,22.2582811399235],[-105.15153825002045,22.25697228947788],[-105.13195571961609,22.27399557927231],[-105.12077251983914,22.290876079325837],[-105.11871515245402,22.308123280060837],[-105.11741927962689,22.31411729000083],[-105.1180915503853,22.321522319663607],[-105.11806073984242,22.3262223201572],[-105.11587464986432,22.331015879921093],[-105.11797500117679,22.336192117686277],[-105.11717202963631,22.339985480089883],[-105.11528778042279,22.3439007498593],[-105.11287632038389,22.349567939438085],[-105.10582045964416,22.35556082008896],[-105.09989197976113,22.35364976957622],[-105.09364082973715,22.35085291935285],[-105.08923724863497,22.350087402921456],[-105.0827695098193,22.348607889997858],[-105.07435200159641,22.35148792346111],[-105.0673218602546,22.353876539743926],[-105.05843851005227,22.355925090054342],[-105.05296210955056,22.35875069054169],[-105.04532843564358,22.358544221647936],[-105.04111742844451,22.35989186376173]]],[[[-104.94106893981152,22.15148378009641],[-104.81327845961904,22.078252569516046],[-104.82063142046191,22.0285789693043],[-104.80161851001297,22.01442745100656],[-104.80763897974148,22.008721740057542],[-104.81018445958094,22.006982920103546],[-104.81294838018026,22.005311799277145],[-104.80996885954912,22.00297761979531],[-104.80628062971944,22.00189467927866],[-104.80204877961974,22.000791799807093],[-104.7992912797841,22.00293613949058],[-104.79549448030748,22.001239539783406],[-104.79238512018084,21.999057180053637],[-104.83291627551594,21.979058048908886],[-104.83824787969442,21.970346250089218],[-104.8378387496569,21.962072999493554],[-104.84539025955962,21.95332670938232],[-104.85213505989485,21.948918339816142],[-104.85694488999192,21.941506979935053],[-104.86158488955716,21.937872689980377],[-104.86668757994252,21.93817797014504],[-104.86988630982017,21.93872747932388],[-104.87276197992276,21.937827599264317],[-104.90233894010477,21.902634829685354],[-104.88980970093382,21.89360482054625],[-104.89951139979154,21.89115998014215],[-104.90233289021072,21.887143879604242],[-104.90620014021945,21.890795999668324],[-104.91903975172767,21.891724844816018],[-104.92404301964959,21.89180807986551],[-104.92553798190035,21.88733110230695],[-104.92827157044488,21.882303199907323],[-104.93077132185206,21.885254749734447],[-104.93158172004028,21.88838874928586],[-104.9337856902765,21.890615220059118],[-104.93610353980813,21.894216859884487],[-104.93943933984143,21.892750059389932],[-104.94217536964692,21.890406909467018],[-104.95895532007842,21.888116620064064],[-104.97077542967403,21.888672179380666],[-104.97415192002555,21.88911134015162],[-105.01147519985696,21.895754000495597],[-105.0302606298248,21.906783090587947],[-105.04577329019283,21.90547942939213],[-105.06016236978418,21.895865600256364],[-105.05844984984498,21.889353460129954],[-105.05953274896318,21.88212249191019],[-105.07113390926301,21.885397949361025],[-105.08320050970251,21.888561109651526],[-105.09639588874438,21.892487830769966],[-105.09764817070561,21.881618119464356],[-105.09889329016535,21.871987570010685],[-105.11437781960197,21.87217794961397],[-105.11885496962263,21.872154819334632],[-105.13208003014978,21.872330919555854],[-105.14031191002715,21.87235347997699],[-105.15107732026527,21.878121739574826],[-105.15803688045051,21.88359571008199],[-105.16374522993908,21.895603690156033],[-105.16650826047614,21.90208381973687],[-105.18606914974761,21.907166279328145],[-105.1936763703721,21.898999649968776],[-105.20187111994417,21.890927309559864],[-105.2094291799852,21.943865829597513],[-105.21199691957055,21.946579680182808],[-105.2160141098926,21.94918322946012],[-105.220319509694,21.949312814142036],[-105.22915291027596,21.94816538041292],[-105.2314298799128,21.95112737996831],[-105.22791406615298,21.954013132759457],[-105.22265370761876,21.95705702856381],[-105.21888139892643,21.956791785363645],[-105.20702242045645,21.955637552372284],[-105.20130199980309,21.95505025956909],[-105.18537525988629,21.953413979580414],[-105.18032925961005,21.958369679494094],[-105.17732063026753,21.963029289620305],[-105.16985293820152,21.9661119050844],[-105.1657204497068,21.966136279758253],[-105.15949862007693,21.964823219309725],[-105.15523930996278,21.969185909558046],[-105.15142182041554,21.96635052008162],[-105.14833661984423,21.964669710547476],[-105.14433625998727,21.966571739529407],[-105.13686782031056,21.969693460070925],[-105.1326419500366,21.976855979805162],[-105.1283308800445,21.977091736759277],[-105.11932546002744,21.971355339597743],[-105.117356445251,21.966601627062463],[-105.11889446220526,21.961061427819622],[-105.12221159961278,21.958453619612126],[-105.12362430867074,21.955150346867722],[-105.12541347899825,21.951650220050944],[-105.13035414768508,21.94642875663932],[-105.12038629020073,21.942978119399083],[-105.11093219999493,21.94255219975163],[-105.10123948918971,21.94103133939595],[-105.09172541954476,21.940988199543266],[-105.08683328889924,21.944868220068134],[-105.08386631039274,21.948186259824638],[-105.0752800896717,21.952709970433602],[-105.0711652287151,21.953540280152836],[-105.06590679923347,21.960291600109677],[-105.0643235705021,21.965055080722934],[-105.06325434946261,21.973256770225788],[-105.05555271909024,21.969152230321065],[-105.05124910694909,21.960557781160052],[-105.04956696881148,21.95001936973379],[-105.04350333942955,21.94190410937932],[-105.03452761688006,21.94300796504906],[-105.0216744599695,21.94594414950205],[-105.00942319154862,21.94710474904637],[-105.00015394024027,21.94803594039278],[-104.99600742237374,21.947726422130238],[-104.99138067963202,21.947713920079305],[-104.98533176889633,21.950287970008976],[-104.97604943047855,21.949551519919513],[-104.97082887986895,21.95569604964039],[-104.96267473988442,21.96219368979716],[-104.96266221972608,21.96736364960135],[-104.96154031006168,21.971331999355844],[-104.95682662991598,21.983936920106032],[-104.95301704731926,21.986257306234442],[-104.94890451976495,21.99506867994719],[-104.95516349009263,22.00027268976973],[-104.96016628952565,22.00268860009502],[-104.96753157072894,22.00914382849708],[-104.96889737009026,22.013630879909403],[-104.96638335008234,22.015596523384936],[-104.95817865037114,22.013178822167088],[-104.95227250966886,22.018198139550364],[-104.95454294218682,22.025855449347457],[-104.94814434025128,22.02859123006156],[-104.93789133702576,22.0333008288705],[-104.93939331042655,22.03848161938832],[-104.93474179373574,22.04137958593093],[-104.93187952035613,22.042675229593513],[-104.928867629645,22.051001939781802],[-104.93724742008506,22.062795860762467],[-104.9433747500646,22.06326891972718],[-104.948061992825,22.070211341093355],[-104.9459899487455,22.0777602606149],[-104.95148731011403,22.083730749677976],[-104.94886243035555,22.091613829681965],[-104.94608521884,22.095725279780154],[-104.94389548006154,22.10040150966504],[-104.94776874987086,22.108282719282325],[-104.95065118015937,22.113811310072485],[-104.95501954956262,22.122012479564763],[-104.95716577954565,22.131016199693473],[-104.96605599998882,22.14210461949761],[-104.96344894963673,22.146850749926447],[-104.9614939450059,22.15151711976332],[-104.96052717017126,22.154863369558065],[-104.96599284697332,22.15639450559967],[-104.9670963502058,22.152085659586824],[-104.97083356969007,22.149863549672073],[-104.97418097977707,22.155748740138232],[-104.94106893981152,22.15148378009641]]],[[[-104.75722042007013,21.85450712190239],[-104.72648602970382,21.8454269795881],[-104.71617465953923,21.836991879882987],[-104.71707761969733,21.823580149282705],[-104.7119195697437,21.812202089631235],[-104.69934005039194,21.806164889283714],[-104.69704142943378,21.79606259947183],[-104.69281682783603,21.785715430434575],[-104.68316048969515,21.77906909005761],[-104.67985312256855,21.766131349513103],[-104.67443081982506,21.75973644571589],[-104.6644940899608,21.757797800125463],[-104.66606708044763,21.74223990979639],[-104.65663411048281,21.72574379985506],[-104.63995704955009,21.71344511967428],[-104.64877255029585,21.701611029797913],[-104.62650831978337,21.678986400114134],[-104.61488290984165,21.647017109479858],[-104.60078648027506,21.619381139920893],[-104.59771747992865,21.608174380095456],[-104.6025824280359,21.602035936155648],[-104.61585581890205,21.592098059569707],[-104.6288429688495,21.59039105938374],[-104.64029627967672,21.58887998064367],[-104.64822095180952,21.587936490797016],[-104.65451126018826,21.590718079519384],[-104.66019733987606,21.587713719847024],[-104.65544680126519,21.582695250763532],[-104.6572206491395,21.576719310185528],[-104.66064569099848,21.56517905189994],[-104.66441132622438,21.547613382650255],[-104.65831052001141,21.539504109627543],[-104.6423936889581,21.524361780653766],[-104.62832325952346,21.50972577084004],[-104.64324392036012,21.50391522011858],[-104.64976988029642,21.503669949840738],[-104.65684801959004,21.50322047565719],[-104.66060077016449,21.50278362083996],[-104.67339594039072,21.501229430712318],[-104.67427882281012,21.496485399064316],[-104.67537978014504,21.49052736956311],[-104.67651447977093,21.48377645949604],[-104.69108442983226,21.473630080310038],[-104.70154441567442,21.46628744409519],[-104.70581666288544,21.46328458409277],[-104.70997188871752,21.460424630027934],[-104.70467225046478,21.431129860235682],[-104.69825559931729,21.427850320234974],[-104.70218519951167,21.41563972009815],[-104.703789798845,21.405010750506804],[-104.70612310955764,21.39770293997654],[-104.71385859864228,21.39827178007092],[-104.7173708499969,21.403515579701978],[-104.72023899488885,21.409814942559777],[-104.73810865926488,21.40740985931846],[-104.73999656997209,21.40491728980888],[-104.7439461190168,21.406255649713422],[-104.75060071063717,21.40548339015711],[-104.75313705868565,21.402862089898655],[-104.75659817978315,21.400948680286398],[-104.76035346410539,21.39927595020678],[-104.76384008988374,21.395149580254795],[-104.77691340726257,21.39651217929319],[-104.79459451053685,21.40717380114433],[-104.79023282119857,21.424043671900165],[-104.81381630006942,21.442644344961103],[-104.81704215532528,21.44487935385127],[-104.82182403825574,21.446419464705986],[-104.82422869700494,21.44871227809162],[-104.82161794858322,21.4505788965676],[-104.81865404119107,21.45269789620996],[-104.83004353436527,21.461865478914856],[-104.83985713184866,21.46748693835384],[-104.83648381460561,21.463890607347768],[-104.84136223173041,21.462311402493334],[-104.84623488270155,21.461741188474953],[-104.85087818718154,21.466146962271146],[-104.8554663730002,21.466753949762555],[-104.85933012164017,21.465856263996116],[-104.86114632314408,21.461253498182664],[-104.86392966633372,21.460110430841656],[-104.86803177766868,21.46344602143003],[-104.87444670371924,21.464014762270253],[-104.88675983631424,21.469585111403738],[-104.89108789434825,21.468557346571643],[-104.89589048292748,21.468332322001935],[-104.90602707672409,21.472267482933038],[-104.95284813380971,21.47113434793769],[-104.97529712027163,21.477189949310592],[-104.99780902979204,21.493474979463844],[-105.01844848031415,21.4939999700985],[-105.02379905946081,21.489897262717122],[-105.03640690967092,21.4933159799847],[-105.04258189028174,21.496793080113875],[-105.06471477434795,21.52618171985243],[-105.0637123999562,21.533339119309446],[-105.06281054284743,21.53834996954685],[-105.05786796999196,21.545408659777348],[-105.0522535998258,21.549570219786812],[-105.04736359986005,21.555021250170373],[-105.05726893967676,21.5712720497147],[-105.05513437959377,21.58018191017167],[-105.0588923695469,21.58982473970782],[-105.06715562980106,21.60509507960876],[-105.08253557021413,21.62193330958803],[-105.08271234044796,21.63382018005061],[-105.08283357952722,21.642606459585473],[-105.08055740039882,21.650607800149302],[-105.0758426600137,21.657146570128564],[-105.07315886034381,21.665294349798938],[-105.07639045956776,21.67398548013542],[-105.0801082303605,21.675863629386676],[-105.09045600035023,21.675604079573024],[-105.09363046036108,21.67669050820735],[-105.10439699959218,21.67650135061372],[-105.11061384973209,21.676185090138258],[-105.11332208039582,21.696686910088268],[-105.11368566005761,21.70412054933727],[-105.10965269674612,21.70608669202073],[-105.10779753992767,21.70285635124352],[-105.10458277003356,21.70359339966244],[-105.09754268995967,21.70389791866411],[-105.09413261999505,21.704004450046355],[-105.08987194967679,21.71327220221786],[-105.09787187972721,21.713985150121665],[-105.10705861995339,21.718295059774707],[-105.11601682006845,21.726417579791484],[-105.12121520004457,21.731084860064907],[-105.1216711989372,21.73474004954557],[-105.12265263023511,21.737617379668666],[-105.11377591001978,21.74532226015713],[-105.11143974850546,21.740150520667555],[-105.10868684995387,21.736138879681203],[-105.1019892603778,21.737508341912978],[-105.09737091996152,21.738248849426277],[-105.09691285012117,21.744201779476146],[-105.09219221996504,21.74287626007334],[-105.08579989012028,21.73821330978878],[-105.0824958297507,21.737368799691467],[-105.07786263370834,21.739700669199816],[-105.0794358802548,21.747510969975668],[-105.06936025951867,21.747582479726717],[-105.06519357047537,21.74748015067115],[-105.05836262953409,21.74736770262233],[-105.05391594008368,21.74728845006669],[-105.04608154043858,21.745932749258817],[-105.04044502531617,21.74224631068224],[-105.03777734028351,21.736871779837585],[-105.03385322674752,21.731736050440816],[-105.0325770203377,21.728333420069223],[-105.02860934015999,21.723105549579415],[-105.01601293957748,21.718987799721912],[-105.01056174021876,21.718404449599632],[-105.00012270893617,21.71726374280884],[-104.99603249010055,21.716696119482076],[-104.98857291993176,21.71889161932729],[-104.97927624960295,21.72326791986654],[-104.96914350976006,21.727765199988497],[-104.959449979706,21.72965888938888],[-104.93668365059352,21.742314120338296],[-104.93073750886569,21.74712444907797],[-104.92925270960156,21.749748219911467],[-104.93230929038084,21.75191371963289],[-104.93196322980585,21.755666109840377],[-104.92736177021564,21.76273216929713],[-104.92917522871123,21.768328199667753],[-104.92975649008979,21.773167889643545],[-104.92709577010979,21.775553910026098],[-104.92357792588648,21.78417393980772],[-104.91863117951718,21.793866549783264],[-104.9105994801859,21.790401278466813],[-104.90353072008065,21.78193904944516],[-104.89812275026608,21.78035707988232],[-104.88651731993671,21.780445199942452],[-104.86535534013615,21.773747890064207],[-104.85735775046152,21.778590379760445],[-104.8422898307371,21.788205309741798],[-104.84497918171247,21.791968947608293],[-104.85099633976226,21.805301519945424],[-104.83976483166005,21.812140084473043],[-104.83267322003694,21.82140586013767],[-104.8296684498228,21.82686699973947],[-104.82333576974816,21.827513317987712],[-104.81942082967934,21.829163829387102],[-104.81222278010814,21.835062350049004],[-104.80822326046129,21.837665259794264],[-104.7814419203647,21.841736180087416],[-104.76492149007187,21.845459889454418],[-104.75722042007013,21.85450712190239]]],[[[-105.57085361627145,22.132547550569047],[-105.55273607981434,22.103354179287514],[-105.52309551032428,22.088132909686735],[-105.5089760300526,22.085993290156733],[-105.49037022982384,22.078191290101252],[-105.4817146295789,22.023381979408192],[-105.42590443004423,21.99757022991355],[-105.42377439520389,22.000932827331724],[-105.41934004986085,22.007949089831726],[-105.41615729323787,22.004973047715],[-105.40877970971505,21.998695599520484],[-105.40043649043484,21.9968165794765],[-105.3948998076442,21.99776702528104],[-105.39132049033915,21.99928939960136],[-105.38390073779767,21.998547894987095],[-105.36983522957838,21.999999599624786],[-105.35985447886051,22.000879305578746],[-105.35277574956237,22.003212180031515],[-105.34893828033918,22.002352689482073],[-105.34445941996115,21.998924365820873],[-105.34306993965548,21.995562709531335],[-105.34214685023109,21.9923551207195],[-105.3417290498186,21.98735625974652],[-105.34102675040158,21.98412908012252],[-105.33706161971513,21.988246520417068],[-105.3295270198659,21.984274539943733],[-105.32176779960264,21.980183550909288],[-105.3168661704584,21.97759103085747],[-105.30831723003902,21.97217735083419],[-105.29955548960565,21.964695770309287],[-105.29881931998645,21.956868874610965],[-105.29902888022075,21.953869850557584],[-105.30236284912198,21.954574431428608],[-105.30461115248612,21.951722272037127],[-105.30215245163701,21.949939913361018],[-105.29939628934281,21.948222049545446],[-105.29701548962477,21.945876049636055],[-105.29437908973591,21.94398305997817],[-105.29146237919568,21.94308435118297],[-105.28842571959952,21.942764819815675],[-105.28543091991365,21.9435509800865],[-105.28244625955374,21.944360030017613],[-105.27955620029032,21.94535320055918],[-105.27632862986457,21.945583082579464],[-105.27309489018235,21.94612519948036],[-105.26512621966336,21.944913478963404],[-105.26157472019784,21.94277691020243],[-105.2585462899773,21.947511539370065],[-105.25694532024572,21.963211720065832],[-105.25221163001646,21.96883899977246],[-105.24600855018399,21.97028711964959],[-105.24096422986474,21.968184429280218],[-105.23753713529993,21.960401893690424],[-105.23378129040118,21.951206599366554],[-105.2230053102536,21.948508150002784],[-105.2160141098926,21.94918322946012],[-105.21307130905782,21.947667021568225],[-105.20932172021037,21.944075309913124],[-105.20187111994417,21.890927309559864],[-105.20389531963379,21.88749820002776],[-105.20651943002808,21.87739676666947],[-105.22660823022996,21.873597779416503],[-105.23174536970082,21.881768149431867],[-105.23369200029968,21.88458582080174],[-105.23979793995106,21.88170118243809],[-105.24434604980851,21.881554021040426],[-105.25695965005434,21.881124309602132],[-105.26401283003595,21.88094607974614],[-105.2681802496444,21.88081790959762],[-105.27180591043795,21.880711399403435],[-105.28026689032016,21.881783309423852],[-105.28595361952786,21.88248851726735],[-105.29325971030124,21.88336505998176],[-105.29954031990174,21.881669509341492],[-105.31111522982933,21.871228980123227],[-105.31921416969885,21.863803650305115],[-105.32875191040307,21.858934310824502],[-105.3361781184152,21.856434734564548],[-105.34843857008492,21.85208637942569],[-105.35599079976899,21.858074859499222],[-105.35746812274843,21.87251937898688],[-105.35933834045228,21.890472800946284],[-105.36006435002362,21.89714254000093],[-105.36082942045265,21.904367920119853],[-105.36160705990639,21.91127271930141],[-105.36216245971272,21.916174141041807],[-105.36280176982547,21.921665629266986],[-105.36340989021092,21.927217479588105],[-105.36406273988136,21.93300819956736],[-105.36460858029736,21.938073060636828],[-105.37029691004943,21.93854541932146],[-105.3775251095373,21.9359096790912],[-105.38394663032123,21.93336931961623],[-105.39062961959709,21.92552756933506],[-105.395691950057,21.92521811942887],[-105.39926280015098,21.925123429262342],[-105.40041049507293,21.919867118227014],[-105.39871902952201,21.913921569903422],[-105.39624574983223,21.906325510151362],[-105.39451980033975,21.899730769746892],[-105.4235958203361,21.944334939502745],[-105.50438282032454,22.01086979989811],[-105.58712132074876,22.13484940493673],[-105.58032294000671,22.13378448959564],[-105.5751666914678,22.13106501862133],[-105.57085361627145,22.132547550569047]]],[[[-104.29310779952877,22.002736369390533],[-104.27795243739186,21.991774649444697],[-104.2690135701015,21.97777994005613],[-104.24525703037806,21.96691161985116],[-104.22626112603038,21.9736011226752],[-104.20008246038195,21.983909339413064],[-104.18722790982632,21.981181279713102],[-104.17416881635172,21.96671885111961],[-104.17487587062345,21.96104269096307],[-104.17665464963345,21.955903379710715],[-104.17708030998728,21.95161877015673],[-104.1793248602818,21.94592517946706],[-104.17958031503568,21.937938570262844],[-104.18661141989587,21.93110163001067],[-104.1883673997076,21.924246369318727],[-104.19121099994472,21.91597213956872],[-104.2001397828226,21.909610920716226],[-104.20083124693298,21.901219243461266],[-104.20064924984426,21.89298817983619],[-104.19808542460892,21.886354739529786],[-104.19670545962155,21.880989230124815],[-104.18711298012425,21.87029897927678],[-104.17345877023817,21.871804489707788],[-104.18141100039165,21.858913509534126],[-104.19331545251677,21.853182751612096],[-104.18835750973257,21.842735780072715],[-104.18499102019227,21.83767651294029],[-104.17992805958463,21.834118399988657],[-104.17546916980069,21.829446719980346],[-104.17148335034496,21.823173309487785],[-104.16524469039257,21.81655213944363],[-104.16307191145262,21.812354667737978],[-104.15494282987275,21.809177199927475],[-104.14308161978263,21.80177707972074],[-104.13369976962962,21.792972109745612],[-104.12760397147055,21.790458492026794],[-104.11456388967667,21.78882856946113],[-104.10061265014953,21.79086639954864],[-104.09396634007378,21.785918489682548],[-104.0813947498243,21.78398609011144],[-104.07429191048804,21.789583940008367],[-104.0663392499245,21.79227367984219],[-104.05637711996785,21.79235454813584],[-104.04795698009899,21.792737799737488],[-104.0373342774911,21.789393928617184],[-104.02553993967202,21.78786194981124],[-104.01456951033347,21.784152949483865],[-104.0037876900138,21.782586681980085],[-103.99826717018811,21.780644289311887],[-103.98851788001295,21.778906380103543],[-103.9824064301577,21.773556309448338],[-103.97758621905137,21.77131643439954],[-103.97136516987581,21.771011619797434],[-103.95876586008383,21.77200525975549],[-103.95155711982383,21.774143969601766],[-103.94178744968339,21.775749229438805],[-103.93259853999199,21.774042479545763],[-103.91905311005708,21.763299750107958],[-103.91905568957647,21.751473179480563],[-103.93313838038523,21.749545849922914],[-103.93215018023434,21.744642689588993],[-103.92771647893687,21.73699289067436],[-103.92070482952151,21.732988879339445],[-103.90918865012038,21.722154830010187],[-103.90136625976217,21.717333119409332],[-103.8962390897888,21.716772969868696],[-103.88985536967778,21.698952049351753],[-103.89862068953883,21.6874115395764],[-103.90883963006009,21.673785710128275],[-103.92824543007241,21.64919282966606],[-103.91567247967346,21.632426909446906],[-103.90763834966748,21.61782841946859],[-103.91494313980333,21.616456149350945],[-103.91908028024038,21.61379907942938],[-103.91659382788703,21.599323749286395],[-103.92169562033294,21.59289761970954],[-103.91867239952047,21.581355749389186],[-103.90382164119902,21.5773719780086],[-103.8982805196206,21.57514081983059],[-103.89248242979609,21.57375391961221],[-103.89130322006567,21.56971701975826],[-103.89107213965795,21.563769849599538],[-103.8878313102295,21.557673569519043],[-103.88529151001518,21.55423081935042],[-103.87256125037179,21.549088628202565],[-103.85685624954898,21.552398279580398],[-103.85473120021597,21.544305309587223],[-103.85382757972556,21.541396429715757],[-103.85516532619596,21.53567038066732],[-103.85855733624062,21.529871447891036],[-103.85482939965375,21.519479049772766],[-103.8466963496756,21.514690689412216],[-103.83660761958731,21.512662739728285],[-103.82887821095184,21.501500627925882],[-103.81270068101335,21.494131415119558],[-103.8012580899375,21.489447539698734],[-103.79409151043329,21.489575169465205],[-103.79194773998603,21.491705880112747],[-103.79133674044245,21.496062199765028],[-103.78794652001936,21.49803859979908],[-103.78363862018499,21.497304649697515],[-103.77689820038171,21.498010089795446],[-103.77835941958472,21.493963429382866],[-103.76961760021807,21.48570119947941],[-103.75091544738524,21.47630834158018],[-103.75210845995969,21.466304999871692],[-103.74783488025786,21.45939905960272],[-103.74452154006596,21.453092909546225],[-103.74290497007999,21.446337199865695],[-103.73665628970986,21.439037459444926],[-103.72822668976673,21.434913119780074],[-103.72240381823114,21.423297443311053],[-103.73095018039841,21.416117619772816],[-103.75434371960787,21.41610917933584],[-103.76316528908703,21.410116954867455],[-103.76152674988549,21.396991779756494],[-103.756852580202,21.383954779561133],[-103.74143888962574,21.374264449631717],[-103.74719756968365,21.35851038016756],[-103.74642131014825,21.349620969526214],[-103.75170500003863,21.340874720176586],[-103.75166644939954,21.336058075228266],[-103.75567401995028,21.336606579869365],[-103.75910877976128,21.32979981960939],[-103.76601433978844,21.32681897984919],[-103.76966258019522,21.322381770109686],[-103.7761375374329,21.321576049192462],[-103.77755580037764,21.315037489700632],[-103.78280865965938,21.30779802935771],[-103.79196168979645,21.305579370136172],[-103.80008465962054,21.302538279568527],[-103.80368201992778,21.299275199872575],[-103.80615571964843,21.29145787981399],[-103.81189003043042,21.287503277406056],[-103.82017815680065,21.2771103378377],[-103.82345125963697,21.26858721998825],[-103.81748567993166,21.257140430146258],[-103.83047466035231,21.243666509468],[-103.8618895072076,21.248868355999182],[-103.87722942045791,21.239081579459743],[-103.8859425499192,21.24029482008999],[-103.89513355033765,21.233050249739648],[-103.91233066021569,21.231517649291405],[-103.91932037993993,21.238612779371934],[-103.91975214034534,21.247293780172186],[-103.92681011062884,21.256307148888958],[-103.93439680024856,21.257161600178325],[-103.93039992022655,21.235343479468895],[-103.94984593989223,21.243079110054214],[-103.96111838030738,21.251843739719792],[-103.97413365017435,21.25509654012411],[-103.99406979993951,21.240415769993422],[-104.0149287405721,21.227316877287347],[-104.01603708037321,21.212817909668228],[-104.02244274958949,21.207396889421112],[-104.02976057034904,21.20241865934911],[-104.03795581968268,21.204126780032595],[-104.04896425069366,21.20285607847492],[-104.05686763378779,21.193918744567306],[-104.0615698198056,21.199592090131404],[-104.06939478036242,21.19497111937696],[-104.06746835040046,21.187753199796084],[-104.07356916904975,21.19039345261202],[-104.08719591032298,21.20473213931285],[-104.10560773727852,21.19787784546616],[-104.12609714063474,21.19331795016223],[-104.15259827730576,21.18856713466344],[-104.18693806342483,21.19090669900045],[-104.21340391036816,21.180570569723645],[-104.21925345998089,21.18162042967286],[-104.23553525019572,21.19138188010213],[-104.24162959982611,21.20553716971767],[-104.25171343012877,21.228335429592416],[-104.2746199395238,21.234861259918922],[-104.31864082977359,21.26121699958273],[-104.34998372548851,21.274900908393082],[-104.34951630974197,21.29377157002677],[-104.3628321400289,21.329710509460746],[-104.38318813892748,21.35061491115372],[-104.40454949022649,21.357982429078636],[-104.42131048863381,21.362043050872394],[-104.42373702566127,21.395292231074805],[-104.4308137494055,21.417179830598222],[-104.45002704869542,21.42847885015924],[-104.46175407992476,21.424751249430777],[-104.47181716911022,21.427764350936325],[-104.47195448022461,21.441150080502965],[-104.47240650375178,21.458882138069402],[-104.46118113794034,21.529631262593274],[-104.4330256763639,21.647504936894546],[-104.43857123455169,21.68946051415477],[-104.4397507097909,21.697355599575253],[-104.43654472347657,21.706429862181416],[-104.43323271042611,21.714847319690886],[-104.43186005042314,21.72427356939015],[-104.43393457995653,21.731939948362292],[-104.44270064970729,21.73688761947427],[-104.43697351954079,21.742126220061987],[-104.43312084499266,21.74716525955753],[-104.3643795197777,21.973760279626216],[-104.33950677032733,21.97823102014881],[-104.32540313209562,21.983652617079358],[-104.30489658106096,21.99266028077049],[-104.29310779952877,22.002736369390533]]],[[[-105.27417732105364,21.04993484736238],[-105.27122751955442,21.049022319383976],[-105.27281658018326,21.04646071010898],[-105.27479582955202,21.048778279524388],[-105.27417732105364,21.04993484736238]]],[[[-104.75854510676938,21.327985767005906],[-104.75253962905178,21.32354565038344],[-104.75328977037465,21.319423429649127],[-104.75085956654019,21.31487033735756],[-104.75325550757829,21.31096309116218],[-104.75414484936005,21.307767680639273],[-104.75206492971226,21.30382696232404],[-104.75072685999628,21.298863110559573],[-104.74689278258904,21.29692611548302],[-104.74278001890806,21.294001279452647],[-104.73724523000817,21.288550490645296],[-104.73442334018067,21.28466664934034],[-104.73303985776857,21.27983846507042],[-104.71922605916546,21.269923999441804],[-104.71146857785978,21.276388378444842],[-104.70448658299087,21.280860696776713],[-104.69592537861425,21.283097490835264],[-104.69083674846489,21.28264446376479],[-104.68495964857742,21.281514400793824],[-104.68149804964423,21.281283849300763],[-104.67397323770966,21.276722311478757],[-104.67648494977229,21.270654690255785],[-104.68868236673667,21.25315867524781],[-104.68290544966344,21.223074119611077],[-104.67299003028027,21.217248850691],[-104.66710047804732,21.210125510348856],[-104.66189061907687,21.207787259875584],[-104.65442550814541,21.20145214189777],[-104.65241436968613,21.19739775073303],[-104.647561537619,21.19008958054067],[-104.64509536067094,21.18616073929576],[-104.64410584904063,21.182750829598177],[-104.64212729115519,21.180241400011496],[-104.63819098328467,21.176665598359506],[-104.64331227929068,21.1751819697678],[-104.64804439753125,21.169830416840135],[-104.6377939196398,21.17429870934325],[-104.63397603024526,21.17296694960796],[-104.63162545021252,21.169713780073888],[-104.63008813959995,21.16708510945462],[-104.62828304966374,21.16466513972831],[-104.62790562945105,21.161403978530963],[-104.6284980798359,21.156923050044593],[-104.6265137498415,21.153885910006668],[-104.6272213196148,21.150655830121263],[-104.62340066014684,21.14686574010453],[-104.62029382002184,21.145361049376888],[-104.62085956957948,21.141299519864365],[-104.62214422998868,21.13744881961513],[-104.62304985024942,21.13326970935566],[-104.62517026019712,21.130576429738746],[-104.62926786045244,21.131169149649665],[-104.63324615027464,21.12954241971286],[-104.6371573803906,21.127242290058007],[-104.64105421965253,21.13073048937805],[-104.64603264995235,21.131306660130086],[-104.6559027702043,21.126518220012244],[-104.66229578031303,21.122039219788178],[-104.6646139401429,21.11903461928853],[-104.6600577403493,21.117343800098276],[-104.65606734888726,21.11579252137876],[-104.651548449984,21.112882339342303],[-104.65573175037527,21.10679659938623],[-104.6606995202498,21.10262534953873],[-104.66102363520152,21.098725457585978],[-104.66350030753753,21.09132834967501],[-104.66250102036847,21.086644460055197],[-104.659734850671,21.0815210900379],[-104.667380925711,21.077964114312266],[-104.67198208988756,21.07699242989409],[-104.67410612031809,21.074214630038057],[-104.6831393699031,21.068713420017144],[-104.6863542229894,21.063444660083608],[-104.69057798027012,21.059117429381136],[-104.69565352045154,21.056501799328384],[-104.69879246008728,21.050693489978563],[-104.69530350582644,21.04735420079442],[-104.70058729322635,21.04070400084581],[-104.70411777968862,21.040780780135137],[-104.71043936966865,21.038056619139176],[-104.71345625022647,21.03518797966877],[-104.72016605983927,21.029023550085693],[-104.71756714954941,21.023417679843185],[-104.72320314004045,21.016029909326832],[-104.72716659656771,21.01337881488269],[-104.7318892597286,21.01200640083492],[-104.73496443015671,21.00780642105649],[-104.74139451042798,21.006033460838548],[-104.74503654955384,21.00811171042339],[-104.75052712001705,21.009401059532976],[-104.75535035020464,21.012374569316606],[-104.76142523391086,21.010063081386473],[-104.76458309002464,21.009587109803714],[-104.76920868041698,21.009223060423388],[-104.77373285984805,21.011952800683027],[-104.77781394958211,21.01751854043321],[-104.78063126005507,21.02193700064343],[-104.78351671014435,21.020875019413534],[-104.78822071981011,21.016267939730746],[-104.79326404959157,21.015106140134467],[-104.79676708042669,21.017381999781033],[-104.79195701969356,21.02717608965427],[-104.79141559990103,21.031677629903324],[-104.79473903036188,21.03988636932247],[-104.8053501204346,21.05028857988254],[-104.80844490983397,21.05478610968486],[-104.81118613952157,21.06112633951841],[-104.81517602969286,21.062736019923545],[-104.81803028842195,21.065324109723395],[-104.82055202982443,21.068726749729674],[-104.82358442986619,21.071034779460067],[-104.82430039952219,21.075662259934415],[-104.83140078311664,21.078875047920313],[-104.83089800260501,21.083255182619606],[-104.83124402024318,21.086825249806733],[-104.8404641197865,21.087103709538766],[-104.8431484898774,21.091421459973187],[-104.844455402109,21.09492885485331],[-104.84371623036132,21.09824082017718],[-104.84445428955445,21.102743217897032],[-104.84611817045646,21.10811704966877],[-104.84839326031825,21.113971980051996],[-104.84790675043534,21.117272949664034],[-104.85019167919678,21.121022708487008],[-104.84610991019686,21.122658280052164],[-104.84395219788063,21.127277446732496],[-104.84815202979694,21.13234621965016],[-104.84501668031898,21.134181979778994],[-104.84330067973836,21.138570489437562],[-104.84793603018463,21.139115829903705],[-104.85599157987001,21.14128607939133],[-104.8542854509757,21.144887322340814],[-104.85089162044939,21.147260250142775],[-104.85178030998014,21.156752199342385],[-104.84739160021003,21.15907424948492],[-104.84103107965879,21.161918969520247],[-104.82682160046902,21.168897431728805],[-104.8197111491119,21.16765689258953],[-104.80812247981844,21.17066034008429],[-104.81101052392648,21.17500225553798],[-104.82867937960071,21.19593861960097],[-104.83874314021351,21.204083580120596],[-104.83869972372952,21.209314431380797],[-104.83733511977073,21.21322653972396],[-104.835970510263,21.21891821938628],[-104.83979871979925,21.22100956957514],[-104.8443105401416,21.22054251960781],[-104.8513220576505,21.219077549187297],[-104.86102846001053,21.219946279357615],[-104.86733917030921,21.22039260062283],[-104.87415029031077,21.222181179541487],[-104.8770712964349,21.226878737825558],[-104.87395720116385,21.231119436197705],[-104.86763737031205,21.229207307717925],[-104.85743468981538,21.22735901967264],[-104.83661800041766,21.223557340009894],[-104.83512075014251,21.229327059813105],[-104.82890273965926,21.23044525002238],[-104.82511070990037,21.23367648927883],[-104.82048920047905,21.234737339733663],[-104.82131471971037,21.239236509297],[-104.82419837307562,21.24268064600549],[-104.81268574988245,21.271053280114188],[-104.80299103033718,21.323767709417766],[-104.79631667878529,21.32186437175098],[-104.78671162009384,21.323478369585196],[-104.77118159647388,21.322053278616448],[-104.76176035769909,21.323691035300556],[-104.75854510676938,21.327985767005906]]],[[[-105.01634654685812,21.496475927441328],[-104.9927568002563,21.489627230020133],[-104.95813946981039,21.470223505144183],[-104.9511923128762,21.47141933847823],[-104.90573710745922,21.47215492502744],[-104.89589048292748,21.468332322001935],[-104.89235077848615,21.466960524488165],[-104.8891010522023,21.47106946381374],[-104.88164526585845,21.46676376292422],[-104.87424487603705,21.463937681180486],[-104.8680006937877,21.463356285533536],[-104.86607263241726,21.458638128294528],[-104.85943885783185,21.462197224229065],[-104.8618260328266,21.465224445196075],[-104.8554663730002,21.466753949762555],[-104.85150791460042,21.467673526482532],[-104.84974678994465,21.465073479535075],[-104.84714519605134,21.462604966950572],[-104.84136223173041,21.462311402493334],[-104.8384336405735,21.46023529524349],[-104.83631959166448,21.463719878786062],[-104.84141502316031,21.466801827349915],[-104.83416122586023,21.465257755513615],[-104.82431965338358,21.457189993198075],[-104.81911397718311,21.453064897230625],[-104.82215408393704,21.450195581158468],[-104.82447176979817,21.44721638210497],[-104.818415103365,21.44517665878732],[-104.8132342020253,21.44240271323015],[-104.79023282119857,21.424043671900165],[-104.80270573260773,21.412063599693553],[-104.78033393778128,21.398575030235072],[-104.7722951025011,21.396030944859334],[-104.76397102946585,21.394867420766673],[-104.7585329962146,21.3930543408527],[-104.75916708987239,21.3874142593839],[-104.75960027928741,21.38193610988576],[-104.76002202865205,21.378658770711098],[-104.77152845035256,21.377972220079222],[-104.77593367881391,21.378413711371017],[-104.79173130456043,21.35155896755692],[-104.80310245876422,21.3317205501794],[-104.80064557378377,21.328928594277897],[-104.79773892695859,21.326935861408913],[-104.79727339857901,21.32318009026347],[-104.80247042968207,21.326373109722756],[-104.80876492000915,21.325682600067104],[-104.81269009212238,21.325232750937037],[-104.81922757994155,21.324820490044978],[-104.82092762977442,21.33051979997795],[-104.82237992065544,21.333607024582605],[-104.82559013981283,21.332397689444942],[-104.84809369022392,21.333461030073167],[-104.85845915044354,21.336560679995614],[-104.86957866023803,21.33596259926947],[-104.87001194407513,21.332441321726037],[-104.87326722879911,21.32960570906725],[-104.87692580026923,21.326464880115772],[-104.88075708033533,21.324457829575795],[-104.87767770980489,21.319275859775562],[-104.88167812041625,21.31759782989824],[-104.8850523715399,21.312261604622066],[-104.88814166040076,21.311497179787672],[-104.899288620385,21.312508979914295],[-104.90287767046318,21.313526453702178],[-104.90592447142582,21.313106038903555],[-104.90470544776612,21.310247187512193],[-104.90771061978818,21.30924316772568],[-104.9082574496218,21.30531302969829],[-104.91129816972743,21.30450607946077],[-104.9143803398534,21.30435729011469],[-104.91727347395191,21.30528024620844],[-104.92053901975459,21.303352769849795],[-104.93117002974482,21.302635179759438],[-104.934910690363,21.3021596000129],[-104.93779987973925,21.303847689688556],[-104.93665341971248,21.30691839995404],[-104.94104032012105,21.304323659924442],[-104.9416361404065,21.30822497985527],[-104.94455064983423,21.30907019970933],[-104.94786812031442,21.306295249837905],[-104.95290098000639,21.30506669010994],[-104.9560189502564,21.306823619464847],[-104.95996860924322,21.305784869112106],[-104.96161479316947,21.309002748284186],[-104.96596444984576,21.31359410998111],[-104.96869302370914,21.31498750206703],[-104.97193462007921,21.315976144548387],[-104.97514246021656,21.318329020040387],[-104.978602310024,21.317499748378633],[-104.98168708090438,21.318835249571176],[-104.97817383403515,21.320911353341927],[-104.98301454047076,21.322934399494226],[-104.98924367970172,21.32555010985676],[-104.99080611962759,21.32896691942348],[-104.99528827989181,21.33613031002599],[-105.00895282558906,21.334380339980648],[-105.0302610303065,21.343291319449513],[-105.03480037032513,21.348789019957362],[-105.04271984960324,21.340794338944708],[-105.04708025984264,21.342240600158352],[-105.04897425353684,21.339294484438923],[-105.05193568996816,21.3374086293953],[-105.05695275000228,21.326888450023738],[-105.07863165996879,21.33109110943614],[-105.09631802684781,21.318387995749237],[-105.10483106018066,21.323418309377757],[-105.11902857315266,21.332887687570032],[-105.12545090977986,21.339176369332822],[-105.13499165054147,21.346904448299785],[-105.14958428966379,21.357479890133114],[-105.14981538021871,21.365784689528162],[-105.15196827176926,21.37337560284089],[-105.14228246001174,21.377582089986237],[-105.1402637695678,21.38433146017973],[-105.12752019983674,21.392649569644412],[-105.12233537968291,21.39181021980186],[-105.1177557399562,21.39106871011162],[-105.1146283996774,21.390562280184184],[-105.10662811038097,21.39522053952623],[-105.09821045958303,21.404433819494038],[-105.09629142001737,21.41394222929903],[-105.09540209007649,21.420631429446093],[-105.09450705979899,21.426078689314064],[-105.09316100018712,21.43668322007584],[-105.09596797009404,21.43865851936873],[-105.09305566013379,21.442843339317854],[-105.09249249012753,21.447295079981973],[-105.08945847997121,21.448349969478347],[-105.08686533996764,21.4518916599089],[-105.08394020014812,21.453433549340712],[-105.08013754045771,21.453217109595325],[-105.07608690991563,21.454594629794393],[-105.07266130828512,21.45486586188284],[-105.06795447992073,21.455348739891726],[-105.0621823695978,21.457209539903836],[-105.05892405916421,21.45912565694599],[-105.05590203161127,21.458288234639316],[-105.05274392103941,21.458247777606044],[-105.0343025148265,21.46783922988888],[-105.02923218022671,21.481295260066126],[-105.02127195032087,21.490673799995875],[-105.01754917999472,21.495059319514798],[-105.01634654685812,21.496475927441328]]],[[[-105.38471203008349,23.084480079272176],[-105.38162131976635,23.082220879720538],[-105.38057949025588,23.07927851959907],[-105.37575831964087,23.079132949440307],[-105.37223083024395,23.076862199307843],[-105.36788781994457,23.074050579880588],[-105.36393759661942,23.075148205781304],[-105.35903022011198,23.07383771005061],[-105.35853754033823,23.06887822003214],[-105.35612471482055,23.06513722726349],[-105.35194900037357,23.061772089296667],[-105.35234218047297,23.05596602988507],[-105.35069738006455,23.0518495999549],[-105.35412352016361,23.050151719652163],[-105.35878766001949,23.045928651096485],[-105.35596296961808,23.043417089919565],[-105.35478922770646,23.040383014769688],[-105.35281407998032,23.037748149860235],[-105.35131664992704,23.03395948930307],[-105.35315936987516,23.02888944924901],[-105.3531918495342,23.021048779574667],[-105.34811143009487,23.014779579249193],[-105.34496497042147,23.00994577006307],[-105.34059405986197,23.007084109246218],[-105.33722587227786,22.99828878608954],[-105.33485044967163,22.995906418353602],[-105.3386719703693,22.991510150102652],[-105.33649534007752,22.98569413972991],[-105.34010455969761,22.982420350960798],[-105.33673632029299,22.980959379961945],[-105.33896294097906,22.976663455547392],[-105.33711597896655,22.97197001949793],[-105.34187451661289,22.970361984921833],[-105.3402508502428,22.966545089871776],[-105.33730408018295,22.96413667985158],[-105.33199454040964,22.96339192001961],[-105.33339414312796,22.957198460577064],[-105.3331123735005,22.952252304091353],[-105.32917232004706,22.952888921467967],[-105.32853455007198,22.947229849432386],[-105.32837828993713,22.943929419607283],[-105.1058158598704,22.957681689574166],[-105.00849999999528,22.970714600059242],[-105.00490114972058,22.96281271929077],[-104.9986331997605,22.957795489541937],[-104.9968931399222,22.952001600074702],[-105.00119797992878,22.943473019346058],[-105.00543905043575,22.93049321952663],[-105.00967919964387,22.92421678006235],[-105.0027178902598,22.912652939251704],[-105.00274671970318,22.90637496938858],[-105.00294403023067,22.901877939688994],[-104.99321201991948,22.891490919668875],[-104.98819322010543,22.883528659833978],[-104.98973830981939,22.87614793936471],[-104.98797768024623,22.857124079869294],[-104.99028717981649,22.8504613800617],[-104.98930659989705,22.840281709851315],[-104.98346729008406,22.833612309495553],[-104.97632514036417,22.82574851930369],[-104.96994825045898,22.81962988951031],[-104.95801614044579,22.813646399674298],[-104.9421222296673,22.816607020114883],[-104.92957956961656,22.82627305979341],[-104.92128788032952,22.821368169242767],[-104.91415530958984,22.81437591951761],[-104.91161388030908,22.80965785947611],[-104.90819345969473,22.80663609007313],[-104.91132389002014,22.802944449668036],[-104.90560074961569,22.799817179998882],[-104.90711425964419,22.795720369384334],[-104.9108093195467,22.79444899983183],[-104.91326765984535,22.790970489736672],[-104.91168386011695,22.787738509970158],[-104.91025517962194,22.783097679398693],[-104.91136531032264,22.779739939697112],[-104.91342542963244,22.775134710022986],[-104.91208908971504,22.77141948990278],[-104.91237962961593,22.765764119309136],[-104.91276615019467,22.76261804947381],[-104.91403008009611,22.754985259237166],[-104.9154324896816,22.74828296934559],[-104.9038024598421,22.734095089817867],[-105.09822456961976,22.585941779447037],[-105.10161927742953,22.58604433580888],[-105.10375644971167,22.583510599987576],[-105.107866919804,22.579989369751747],[-105.10971256969027,22.575184259499572],[-105.11161617982127,22.570811319469005],[-105.11451283039831,22.567632570043152],[-105.12124364974812,22.56851291948695],[-105.12247710982287,22.56434437997799],[-105.12953253975643,22.565104119681003],[-105.14010073954506,22.55983005936963],[-105.14433194025533,22.560203229496405],[-105.1503001695895,22.562332140143475],[-105.15486842961357,22.560363340103525],[-105.15663118210149,22.556055651940895],[-105.16173517048841,22.553089999974596],[-105.16496022978231,22.549256349471122],[-105.170518000152,22.54646442991486],[-105.17301191035952,22.54301973996097],[-105.17604045045348,22.53904557992449],[-105.17966338000005,22.5388873796043],[-105.18387517974764,22.53874699929606],[-105.18852928974685,22.538899797658328],[-105.1967507099098,22.537671889420515],[-105.20008925980639,22.538209539897036],[-105.20363231031921,22.537666229886593],[-105.20777428964071,22.540986420114088],[-105.21089813857962,22.544470707864416],[-105.21436330974693,22.54768077992662],[-105.21660017108422,22.550392937836477],[-105.21956739613265,22.553879840060258],[-105.22331145006989,22.557297780049822],[-105.22591795028319,22.560063629241668],[-105.22815694003121,22.557947519444724],[-105.26836224978216,22.568693950150845],[-105.31621345969756,22.570919029920436],[-105.35280014962437,22.568230148749116],[-105.35625800063161,22.568004373552437],[-105.3832908658204,22.5653108635945],[-105.39411069026528,22.596988519450562],[-105.39754333980535,22.60703527995826],[-105.44796823047503,22.660787550099116],[-105.45392848984245,22.663123549727082],[-105.45581496972744,22.665607769959692],[-105.46069654994501,22.662739629948796],[-105.51369411991696,22.6937907396407],[-105.52392914406815,22.774005114677106],[-105.51923599977718,22.776028220006857],[-105.5167441108736,22.779609320933783],[-105.51902788969323,22.78362159958289],[-105.51449073505871,22.787045950704425],[-105.51144467950628,22.79090997944161],[-105.50936811964174,22.79448823011092],[-105.50821243019173,22.79810528079402],[-105.50627246133125,22.80046237942319],[-105.50608993962979,22.803803089400056],[-105.50395570881425,22.806339226204898],[-105.49978836290272,22.81061185943692],[-105.49495086364762,22.810576780505414],[-105.49604332027025,22.813723109543705],[-105.4933673199671,22.81522570972119],[-105.49575852037708,22.81779351003967],[-105.49278848231481,22.821642149807136],[-105.49291971027449,22.826337919658645],[-105.48992321476989,22.824588283866035],[-105.48867065987491,22.82898571008882],[-105.48657721994081,22.831453829706835],[-105.486084969932,22.834618199798943],[-105.48693668984785,22.839447619818767],[-105.48274782865082,22.841756016393013],[-105.47907902972,22.842798280048576],[-105.47876046017349,22.845893369922464],[-105.47672393985303,22.84906134972871],[-105.4746352315044,22.851283750488264],[-105.48420128992983,22.858702969642817],[-105.50126392039763,22.958560049334007],[-105.40939831047349,23.02468239984167],[-105.4110469400092,23.028008659571018],[-105.4116129137863,23.033305680077266],[-105.41243499980226,23.03789702960273],[-105.41109898008698,23.04197437948054],[-105.41023491037333,23.045806309502904],[-105.41139716991785,23.05144339933752],[-105.41175963013364,23.056266999733776],[-105.41040602124114,23.06006519938343],[-105.41294644956977,23.064994659564146],[-105.3899846503812,23.08338494988641],[-105.38542290857812,23.08156299759032],[-105.38471203008349,23.084480079272176]]],[[[-104.25514724954797,21.20661201973289],[-104.2339894349376,21.1989355995618],[-104.23508722001627,21.1938259198686],[-104.23529905019448,21.18910571986848],[-104.22922597036437,21.185815829885783],[-104.22252682958906,21.185433309623296],[-104.21912410663083,21.181342601131266],[-104.21909503601086,21.178262941227786],[-104.21734096982848,21.17469017983018],[-104.2200803798895,21.173139949992347],[-104.22171043006817,21.169509349320013],[-104.22179009033543,21.16539364978131],[-104.22365738047078,21.161100569910687],[-104.2224251502841,21.158351569596036],[-104.22405431106894,21.154942229254452],[-104.22447460047192,21.151616680155218],[-104.22372526339191,21.14865965817692],[-104.22152208958389,21.14473454998813],[-104.21945685964154,21.141047029860715],[-104.2178499998101,21.137950889963875],[-104.21488266003934,21.136294710076196],[-104.21268441955311,21.133754889868012],[-104.21056952020946,21.130576429293622],[-104.21163671029373,21.12611308977101],[-104.21227718018086,21.122517309614135],[-104.21126642269085,21.11937894517493],[-104.21476235118033,21.116791049749427],[-104.21448764201553,21.111465716021648],[-104.21521317973516,21.10713241982143],[-104.21749571019605,21.104885649454726],[-104.2207139339378,21.096851323365406],[-104.21831947902805,21.09149164941585],[-104.21671857008917,21.08579120000288],[-104.21985197041309,21.08011803017618],[-104.22189674960322,21.07393328966555],[-104.22540652042801,21.067962349528198],[-104.23086330955522,21.0669453096425],[-104.23923063900014,21.05706816633218],[-104.23161797207861,21.050551632791638],[-104.2274424801489,21.050889339914193],[-104.22505083333341,21.048888260496415],[-104.22738439969551,21.045490879804213],[-104.23015321965823,21.04255497969963],[-104.23588683017917,21.038329519300827],[-104.2383137197748,21.02896595008286],[-104.2414350896847,21.02412430954187],[-104.23897406007546,21.02188950958232],[-104.22919292412732,21.015303367567295],[-104.22319570965837,21.00126365965208],[-104.23273571014187,20.998005170018438],[-104.23544298028135,20.994991049809872],[-104.23847425011215,20.992150819831487],[-104.2371975996091,20.987690820188227],[-104.23591940020002,20.9756029399482],[-104.20484177034295,20.95990090938823],[-104.20742608029988,20.95151242015259],[-104.20746103210598,20.940161887957288],[-104.21453523013106,20.93975082940673],[-104.22852087855198,20.935680077713048],[-104.23974811017275,20.924632650104186],[-104.24688956969666,20.92057851965829],[-104.24667048030558,20.91438805968566],[-104.24857404643826,20.90629828798063],[-104.25620777031479,20.896892599418923],[-104.26703558450585,20.88797040400768],[-104.27085663141087,20.887268746934907],[-104.28403814021534,20.887278419883124],[-104.29039488032389,20.887119630015093],[-104.28782435052295,20.88281639599814],[-104.28710750611418,20.879193820894855],[-104.28185269463059,20.868993257282458],[-104.2830110003531,20.86414507991608],[-104.29067245931327,20.86031108018422],[-104.29046109046274,20.848708059957815],[-104.29466842027439,20.855278829630137],[-104.29851925014037,20.858650979521055],[-104.30209494020576,20.86059712284551],[-104.3000229500573,20.86322442965482],[-104.30208138043709,20.869581319329736],[-104.3027460601907,20.87458415017767],[-104.30499802044183,20.876998169868195],[-104.30795237485127,20.881670814540715],[-104.30996702512843,20.887436825782334],[-104.3145075795455,20.8902416199256],[-104.31934372033854,20.89450862971008],[-104.32251668960464,20.901305489355085],[-104.32724174975907,20.906987139359202],[-104.32902437024465,20.912356849615783],[-104.34183328415146,20.93688456507078],[-104.349320349868,20.966037920062206],[-104.39744979839759,20.969097258981435],[-104.45325347971058,20.9646149393736],[-104.45194422028206,20.99564924952543],[-104.44686779581522,21.001042379880506],[-104.44522167901714,21.012778432808183],[-104.43682576998897,21.01026868974497],[-104.43208442706609,21.00800931909568],[-104.42513866002443,21.011500819476954],[-104.4157128002206,21.012721709348625],[-104.40981174018131,21.010516462337776],[-104.40747441409981,21.014062710482477],[-104.40588465002685,21.01719055010295],[-104.40652490952363,21.021580339947025],[-104.40742210976222,21.025092663767982],[-104.41485685064785,21.02840338190744],[-104.41864412015241,21.02968662900738],[-104.42241245993836,21.032256579923466],[-104.42957005032461,21.035590579927423],[-104.43526660050036,21.03884625014254],[-104.43558271965183,21.042077879728787],[-104.43043965990876,21.044025679249817],[-104.42362072018106,21.044722600100947],[-104.42369714957363,21.048401939752083],[-104.42544614956418,21.052686879984012],[-104.4285115554252,21.055686311902484],[-104.4268758498762,21.058923020141947],[-104.42453983014069,21.06600502973402],[-104.42250159512034,21.069266338957284],[-104.42181067976689,21.07319807937429],[-104.41905813973653,21.06941193543436],[-104.41615878192101,21.067714815978015],[-104.41223564957885,21.068032750148976],[-104.41007627908165,21.070958483435213],[-104.40772292003344,21.06702009006131],[-104.4025560601785,21.065924679966386],[-104.3975684796495,21.065614509373564],[-104.38886203027603,21.063677079673376],[-104.38193905015488,21.065650079768222],[-104.37716860037958,21.06429757016391],[-104.3475773696284,21.072096829773898],[-104.34102805988475,21.070090999831052],[-104.33647160221385,21.067770907428876],[-104.33189735143789,21.065448516442824],[-104.32289697044773,21.07111560004778],[-104.30984200003942,21.072176879591318],[-104.30423999987191,21.07477978016054],[-104.29367222952435,21.084300379873547],[-104.29053508963865,21.085661019425714],[-104.2907369402073,21.091547289376376],[-104.29027914978087,21.094981920083047],[-104.29307881971151,21.09874067985775],[-104.29988506016689,21.106207379566467],[-104.30363036974819,21.109263478486294],[-104.3097414796993,21.118083539905594],[-104.31058661976485,21.1211450496259],[-104.3225150201998,21.142748510152266],[-104.32416771649878,21.198140380897392],[-104.32098511986618,21.194284850162163],[-104.31787428956827,21.198126429348267],[-104.31609894934797,21.20112356554073],[-104.30685302956228,21.20384011018603],[-104.2980689100574,21.20008356996326],[-104.2922451833369,21.1960136308939],[-104.28983957964108,21.20160890959995],[-104.26122229027877,21.209834200096402],[-104.25514724954797,21.20661201973289]]],[[[-104.3994328799985,21.351216604426256],[-104.39626146022636,21.348498369991393],[-104.3879345996704,21.34987655056511],[-104.3813760196256,21.349538450169057],[-104.37915802027563,21.34403821977963],[-104.37854500036563,21.337433349339378],[-104.37533997323094,21.33274993595454],[-104.36755161970137,21.331954141106312],[-104.3628321400289,21.329710509460746],[-104.35873312011196,21.32687371009616],[-104.35830845918281,21.31517462010552],[-104.35447817118838,21.31041853880466],[-104.3516718903523,21.30295637935418],[-104.3486751399286,21.295566999924457],[-104.3504898299896,21.291961689650744],[-104.34896320012153,21.28702717939117],[-104.35150396975129,21.282541750099302],[-104.34946822003211,21.27712216939028],[-104.3466718896538,21.270189319304837],[-104.34373022963011,21.26577225962901],[-104.33848291018892,21.261231969963795],[-104.33627660190014,21.255756057827345],[-104.32217846023222,21.260425599957102],[-104.31078123026317,21.263387119418603],[-104.29443654984107,21.254869629434218],[-104.28787550590026,21.251393603910593],[-104.2801159200797,21.244036679842488],[-104.27616352016018,21.239890819596347],[-104.2746199395238,21.234861259918922],[-104.26912005006554,21.233985029648693],[-104.2647821860259,21.2341780604307],[-104.25978007956614,21.233458549697403],[-104.25414002961546,21.229437709342548],[-104.24983448048314,21.227649679766664],[-104.24586976973434,21.224813220111752],[-104.24269912005867,21.219141429891167],[-104.24269269044856,21.21525070931055],[-104.24150877000926,21.212398119981177],[-104.24162959982611,21.20553716971767],[-104.23925314130406,21.203308766207485],[-104.26122229027877,21.209834200096402],[-104.2879386298861,21.204938429502374],[-104.28906954981537,21.199659400089484],[-104.28996510464479,21.196312114750686],[-104.29757114967207,21.200014579415534],[-104.30592793960528,21.20312494950972],[-104.30903139970762,21.203085419396377],[-104.31609894934797,21.20112356554073],[-104.31781840040286,21.197297829908255],[-104.3219642801282,21.19369603010642],[-104.32416771649878,21.198140380897392],[-104.31992445039869,21.168995049563108],[-104.30737934020449,21.12918636968102],[-104.30976426046608,21.124569579299358],[-104.31058072624731,21.11899307774806],[-104.30573167981188,21.110266619967096],[-104.30177462987248,21.108673689468752],[-104.29977014022504,21.10461241935616],[-104.29307881971151,21.09874067985775],[-104.28723888006438,21.09796486012369],[-104.29041695006063,21.094912449490916],[-104.2907369402073,21.091547289376376],[-104.29056008036753,21.085133680015343],[-104.29931838033814,21.079218519635397],[-104.30423999987191,21.07477978016054],[-104.30756973771194,21.07219741732583],[-104.31044845026396,21.073151429784808],[-104.32788068019624,21.063167659931526],[-104.33189735143789,21.065448516442824],[-104.33502291971918,21.06703002958328],[-104.34021531008204,21.069685679825994],[-104.3475773696284,21.072096829773898],[-104.37180918149494,21.063052736048117],[-104.37826222024262,21.063965779790042],[-104.38500774987831,21.065121799531354],[-104.38886203027603,21.063677079673376],[-104.39206680047597,21.063627369456977],[-104.39528150928349,21.06584948899499],[-104.39979502019062,21.065757859496333],[-104.40585695029799,21.065660979538237],[-104.40897170989494,21.068262229882794],[-104.41100331009999,21.07072733984411],[-104.41059369044183,21.067598050103133],[-104.41473397894897,21.067246381444587],[-104.41804751031796,21.068031849741313],[-104.4199170167391,21.070913079511243],[-104.42080947993604,21.07428522928421],[-104.42264782993657,21.071066249746064],[-104.42579332037334,21.06436164939211],[-104.4258779796391,21.06107264956994],[-104.42854454025388,21.05595234996031],[-104.43167617007948,21.053963770119903],[-104.43763149023502,21.058318749904267],[-104.4420637500008,21.057813738755033],[-104.44127622005514,21.06192451999957],[-104.44041875043237,21.065110399716506],[-104.43947837021881,21.06860414980639],[-104.43969813981802,21.07239051982348],[-104.43815903014439,21.075442049339987],[-104.44113415010315,21.07718205982336],[-104.44781689006476,21.07790581950948],[-104.44885783000949,21.07231425953399],[-104.45296731007566,21.073074399328377],[-104.45831089022158,21.071445199761456],[-104.45907585009589,21.077449119349538],[-104.45868121725452,21.082546890680245],[-104.46397197014942,21.093680279347527],[-104.46646282002837,21.09667673947672],[-104.46720923003883,21.099965849724722],[-104.46794696974747,21.102938019305927],[-104.47073301956551,21.10696525006066],[-104.47391494468646,21.106903689768476],[-104.48404291006058,21.111467279787732],[-104.50136902586706,21.11945806440037],[-104.4924561724361,21.156675167032542],[-104.50036456992585,21.160646489385236],[-104.52401357031654,21.1717488296907],[-104.53763182032436,21.178130719985933],[-104.54281481965297,21.178875320516287],[-104.55421366060165,21.18493586226723],[-104.55026093842382,21.187110457515338],[-104.54976913846258,21.194166336939517],[-104.54791044918414,21.19775438121835],[-104.55134191900795,21.20094482049489],[-104.55375976746083,21.202784422869218],[-104.56153624975843,21.208867779612515],[-104.55908416965319,21.211255169715866],[-104.55741745027666,21.21460271081379],[-104.55336942944001,21.210948521040084],[-104.5323742299431,21.211795349504044],[-104.5297390195645,21.21380292078092],[-104.525177969222,21.213922250805073],[-104.5221815395689,21.214381379787017],[-104.52009771934162,21.217733571077407],[-104.5291205095007,21.226925860659247],[-104.52748873685152,21.231316605768537],[-104.50837249035797,21.22367377977758],[-104.50611326026886,21.227549279359966],[-104.49600237922118,21.22960530985018],[-104.48795677832749,21.231311503396398],[-104.45829900021006,21.251159830022427],[-104.43693848026793,21.266827510760173],[-104.43363310858778,21.269252880437694],[-104.41620441961717,21.29577748050593],[-104.41413468994355,21.299795479984454],[-104.40868285967132,21.303937921061898],[-104.40440110979254,21.30540485029223],[-104.39874164515406,21.31091462084865],[-104.39951136912192,21.31488379977029],[-104.40189864869117,21.32045510933568],[-104.40426329032488,21.32577988939741],[-104.40811747970692,21.3279086798025],[-104.41231767958928,21.333513650894442],[-104.4104104793727,21.33678971062811],[-104.41030073990336,21.34041667969686],[-104.40817032039423,21.343162049803126],[-104.40477619941223,21.34648268980954],[-104.40117874196092,21.349349032104445],[-104.3994328799985,21.351216604426256]]],[[[-104.59460824957233,21.607070350370805],[-104.57891018658836,21.587997200402896],[-104.56762858228532,21.57327119980345],[-104.5710459796173,21.5622769709007],[-104.57238724991456,21.54912432030743],[-104.56564611046207,21.5262103699781],[-104.55888051668353,21.521585778696288],[-104.55056819998136,21.519005399742515],[-104.54282262103064,21.519406387919204],[-104.52847751026835,21.515067650315633],[-104.52812953873278,21.502368620064413],[-104.54118455008134,21.488657649467964],[-104.54261002029455,21.47578275026612],[-104.53972722935752,21.465295429853768],[-104.52845517031624,21.46040507975728],[-104.52209528024733,21.46233954096551],[-104.51138559995165,21.46388380078582],[-104.50596791977829,21.471341230695398],[-104.50068728001494,21.47836577978906],[-104.49082418011982,21.477810396156105],[-104.48435568036625,21.478882509817858],[-104.47810923027211,21.475598150492257],[-104.47388238022405,21.47054835009777],[-104.47203848918545,21.461201350103785],[-104.47200202012019,21.45252292025561],[-104.47378496933888,21.445206000693503],[-104.47189116866424,21.440689540225346],[-104.46887171982581,21.43534286086718],[-104.47052007996524,21.430221220468837],[-104.47109488120051,21.42569524856558],[-104.46713834864995,21.426366445385792],[-104.46175407992476,21.424751249430777],[-104.45961104929654,21.421413830673526],[-104.45569562671011,21.42440519783923],[-104.44616216923491,21.427777909693845],[-104.4365350587778,21.423017719927596],[-104.43091846030433,21.417139551277504],[-104.42511664564611,21.41741900687145],[-104.42228091019678,21.407687289610273],[-104.42484757024792,21.391584350512108],[-104.42989081858526,21.3765305499371],[-104.42324327977073,21.363086309601513],[-104.41218752235068,21.36219267692927],[-104.40734404665164,21.357881182243965],[-104.40333262907089,21.35686016932142],[-104.40013648035625,21.351263087712983],[-104.40560948894064,21.343786800774453],[-104.40864988018147,21.3423531106597],[-104.41077868109632,21.33735291845493],[-104.4098396494755,21.32813420008378],[-104.40426329032488,21.32577988939741],[-104.40010027964871,21.316773779697634],[-104.39831129030877,21.30896534082614],[-104.41300834719783,21.301020576786808],[-104.41708355130186,21.281551421217852],[-104.45810162921431,21.251312220835363],[-104.49418282914763,21.227446219374936],[-104.50669646303646,21.226348171210585],[-104.53208790990453,21.229158629464145],[-104.51855310693563,21.216901479019132],[-104.52321883220314,21.214315665793876],[-104.52706951005034,21.214100779394258],[-104.5323742299431,21.211795349504044],[-104.55602125869468,21.213924969547413],[-104.55857191974583,21.21188468951807],[-104.56185574836907,21.209101421276692],[-104.55210161866856,21.202043489495345],[-104.54809369801097,21.197873646895808],[-104.55026093842382,21.187110457515338],[-104.5413377794346,21.17870260381024],[-104.53610240045313,21.17241402938321],[-104.5417213457877,21.166371858374962],[-104.59871436913453,21.137342620391458],[-104.58833435047116,21.127658740590718],[-104.58821176901883,21.120877049457807],[-104.5863601993889,21.1124957701245],[-104.57767645879673,21.11179613962635],[-104.5778060495579,21.10785037084832],[-104.5788318798029,21.101612599401342],[-104.57156843000612,21.101812430061525],[-104.5773000900059,21.098873000659758],[-104.58114508995638,21.097378050476305],[-104.58531437902755,21.09461212085566],[-104.58574018038975,21.091287680097267],[-104.59103749046025,21.085801370561768],[-104.59186443236392,21.089589633114308],[-104.58941125930633,21.096856939519412],[-104.59664823011647,21.106658180710035],[-104.60009264918548,21.110667340774743],[-104.59870541282473,21.115136728818815],[-104.59272864933992,21.117966891086052],[-104.60167976824327,21.123329344356204],[-104.60976565025723,21.12688584969224],[-104.6114577126251,21.122459554793224],[-104.61580892406081,21.123838172100484],[-104.6174014122959,21.126733348458433],[-104.61489633986595,21.128454220877835],[-104.6166362893953,21.131412540822073],[-104.61151927965513,21.132640350883655],[-104.61230925036584,21.13901513950762],[-104.61434242961391,21.143513780715484],[-104.61573142999069,21.148031029498735],[-104.61983751875185,21.152641150848893],[-104.62272267963102,21.154291320590335],[-104.62397391023777,21.157184520325913],[-104.6247818298455,21.160709176120378],[-104.62290292918958,21.163110299606128],[-104.62408551859716,21.166204849830443],[-104.62728738217929,21.16822897656826],[-104.63019846488478,21.169335540761683],[-104.63253762911788,21.17236081968558],[-104.63448066031448,21.175441749866625],[-104.64471411861473,21.170021970080068],[-104.64803955278666,21.16983280675135],[-104.63879500025827,21.176495422436922],[-104.64212729115519,21.180241400011496],[-104.64360431704296,21.183344444614608],[-104.64698900032268,21.188847940473124],[-104.65305033414826,21.199039551291925],[-104.6588066008767,21.206227870616395],[-104.66710316865745,21.21012853998348],[-104.68077813139259,21.21979088282319],[-104.68868236673667,21.25315867524781],[-104.6738413386647,21.272416447667077],[-104.68087993729918,21.281413329676518],[-104.68848737899556,21.28198411005912],[-104.69703104974604,21.283189397775118],[-104.70950555221218,21.277738035063642],[-104.71922605916546,21.269923999441804],[-104.73429064898713,21.283614770346833],[-104.73586085972416,21.286949169565148],[-104.74101791994737,21.293656599951188],[-104.74618051199329,21.296371383444225],[-104.75113214847121,21.299287447044215],[-104.75206734968407,21.303832149291292],[-104.7529442296401,21.307491289925206],[-104.75263862805774,21.31367313920381],[-104.75260674812358,21.32012398031859],[-104.7527141098562,21.32418381928216],[-104.76072548040622,21.32676784981005],[-104.77118386034267,21.322053709581315],[-104.7935420490381,21.32373428967837],[-104.79727339857901,21.32318009026347],[-104.79779262975154,21.32763177969815],[-104.8009015486765,21.329608480175565],[-104.80446667939233,21.33303497959729],[-104.77243314871194,21.37800006026347],[-104.75960027928741,21.38193610988576],[-104.75901436872644,21.3896666901011],[-104.76385022037832,21.395102150865057],[-104.76037620016857,21.39928160070111],[-104.75475028995919,21.401441149521645],[-104.75156561962068,21.405261458574735],[-104.74224328910931,21.405843800009567],[-104.73601051925125,21.409705569856683],[-104.7173708499969,21.403515579701978],[-104.70769286087513,21.397012163567947],[-104.70527419967749,21.401363200786356],[-104.6894039202991,21.42388627973855],[-104.70337328898309,21.430366379880233],[-104.70884759928829,21.46116394034779],[-104.70152571994247,21.46629946094771],[-104.67651447977093,21.48377645949604],[-104.67479035302155,21.493982821776484],[-104.65957524990637,21.50289570958985],[-104.64710781953923,21.503804860683758],[-104.62824850992035,21.509919029339773],[-104.6590203290566,21.540025596854107],[-104.66064569099848,21.56517905189994],[-104.6557447193824,21.581691600792798],[-104.66088823018333,21.587268979936432],[-104.64886827989825,21.589316000767823],[-104.63760811979542,21.59203075074173],[-104.62463207966584,21.589533259864297],[-104.60258239899689,21.6020359402794],[-104.59460824957233,21.607070350370805]]],[[[-105.88968411827679,21.854174737795017],[-105.8858987420318,21.8534297060045],[-105.88306724176037,21.85118898772547],[-105.88130697672067,21.848170400500223],[-105.88016268618338,21.844205303489534],[-105.88350031244264,21.84394076425908],[-105.8848518088634,21.84063330074488],[-105.88780286624093,21.8414595290078],[-105.88677199216694,21.84472887734588],[-105.88641869797151,21.848071168257242],[-105.88945078349019,21.849465895161554],[-105.88870570413242,21.852607907550446],[-105.88968411827679,21.854174737795017]]],[[[-105.68525448042726,22.571886519651706],[-105.67918451995021,22.56454724953726],[-105.67373400247888,22.54323447949172],[-105.65875273856794,22.51725331514699],[-105.64461992036149,22.518589179774498],[-105.64477407831986,22.523168627038103],[-105.64124548017304,22.52390076977596],[-105.6395517997969,22.519775430116372],[-105.63672839974905,22.513616719959973],[-105.62945694034644,22.509647119597243],[-105.62347128049235,22.512034969860267],[-105.62081141966921,22.515443660145912],[-105.6183774903991,22.51343385944727],[-105.6167437223919,22.509116219516034],[-105.58975412004564,22.50052413992266],[-105.58357623038609,22.49734737953991],[-105.58075165019748,22.495115339995657],[-105.57396488989146,22.49250528963176],[-105.57078521980267,22.490054599516107],[-105.56737584998362,22.48888981967694],[-105.56473748020454,22.48260987954797],[-105.5579466503257,22.482993000067392],[-105.55640064962418,22.47653521992953],[-105.55337362022821,22.474385569377237],[-105.54918189009038,22.466815290044643],[-105.54929025002465,22.462280289678393],[-105.55294608952259,22.462751799658726],[-105.55576617967677,22.458404399698363],[-105.55753026046627,22.455450290016397],[-105.5653237374845,22.450216249197865],[-105.55641755038319,22.44409321936038],[-105.54402510992941,22.43586834941219],[-105.53682102996679,22.431591479335896],[-105.5295786298257,22.427037279767866],[-105.52486845959258,22.419207399422973],[-105.51885085033064,22.408094779460125],[-105.52022517013431,22.416643279331172],[-105.52434505012098,22.43355001959369],[-105.52752831954092,22.446600079474564],[-105.53085906031717,22.44778005935367],[-105.53429041990256,22.447007580083863],[-105.53563216954775,22.45309357935612],[-105.53395386025726,22.45930206002805],[-105.53878103036152,22.4631121494953],[-105.53599679996769,22.46987847969458],[-105.53457968963039,22.472708769577846],[-105.52920453956135,22.473040549345736],[-105.5281785391414,22.467675954305655],[-105.52346245984586,22.464556489707537],[-105.52079116970124,22.462873049572636],[-105.50017375024915,22.46267634985455],[-105.47836385964783,22.462365199864532],[-105.4740401084935,22.460110571122414],[-105.47380989446158,22.450331820707596],[-105.46971265974672,22.44832090946726],[-105.45702102010726,22.443351949849575],[-105.44447557991165,22.44367571013306],[-105.43460850975872,22.442038679949064],[-105.42357994987269,22.440359979333596],[-105.40987817977535,22.437883089634077],[-105.41111477077449,22.430480649917452],[-105.4124312765584,22.42266451858984],[-105.41296251045864,22.416887370009725],[-105.40969847966282,22.407437749374253],[-105.40909587963425,22.400731450054426],[-105.40284169005193,22.399008289714654],[-105.39877971002369,22.396469499572817],[-105.4001465696533,22.391424509331827],[-105.40187305842973,22.384907628519343],[-105.40332078053234,22.37933988986344],[-105.40468228044126,22.3742637194071],[-105.4054220079302,22.371349001028232],[-105.39653758035134,22.369964460019403],[-105.3912872800643,22.36737505969421],[-105.37874239968271,22.36158147978235],[-105.3525604503674,22.34944399972941],[-105.34087584977146,22.368248359252547],[-105.3378062203615,22.371649519565963],[-105.33384977772394,22.371102553724228],[-105.32886149008382,22.371890580063315],[-105.32584495777708,22.372462816251687],[-105.31287914983363,22.354073399670316],[-105.29892878002076,22.3415518195751],[-105.2998194303988,22.328976459350727],[-105.29797387953933,22.32550648946453],[-105.29560126033861,22.320232769400338],[-105.29208248030142,22.313492549587817],[-105.2886538899333,22.30357301956745],[-105.27893307997883,22.304591089743738],[-105.26915502960738,22.306821050060325],[-105.25578271018942,22.27306488965551],[-105.25837764956884,22.267418459301634],[-105.26091096966603,22.263088169783973],[-105.26645363009162,22.259698379576765],[-105.27007528986796,22.25926376934334],[-105.28251819982974,22.25241017941853],[-105.28815965052121,22.24098332400393],[-105.30837354978064,22.24888887982232],[-105.3324139206909,22.249808481084244],[-105.34509906014429,22.245703079590793],[-105.34190254981965,22.244225149984544],[-105.33824659922169,22.241105840099294],[-105.38701082009023,22.228121229624602],[-105.36422677515559,22.241602170499373],[-105.36768994964486,22.257180820349525],[-105.37624382131257,22.251863290983582],[-105.38211471036371,22.246251259280967],[-105.38904994142362,22.24248302414471],[-105.39298217981154,22.242043369684932],[-105.40723045992847,22.24176879928953],[-105.41270108141137,22.23883013591577],[-105.40622243024649,22.214506599447766],[-105.42461327961686,22.19906104937734],[-105.42645837428418,22.202117871439864],[-105.43115309041285,22.20851648980994],[-105.43330498139012,22.206141971430608],[-105.43829238042305,22.20538811988189],[-105.45118647765513,22.20284787362999],[-105.45635270997603,22.205340139651668],[-105.46545759993434,22.2001725192842],[-105.47185779976597,22.196202109366567],[-105.47829254014833,22.20975544944206],[-105.48823752026014,22.208871549767355],[-105.49003764988164,22.2136373999133],[-105.4937023403894,22.218588509267406],[-105.49852551266031,22.22007144973867],[-105.50056425004476,22.234376920088774],[-105.510563750851,22.190838219935443],[-105.53331145988753,22.177983030113438],[-105.56042954740568,22.185002950952953],[-105.53746408039306,22.143712280138605],[-105.54120235116537,22.13117925612245],[-105.54806847562712,22.15217531171405],[-105.57699410966083,22.133499979890722],[-105.57653902043135,22.126041799367847],[-105.58217231016384,22.13391644935866],[-105.59671219781816,22.140314771063974],[-105.60373225024352,22.160858629757794],[-105.62249994954094,22.21524968964472],[-105.6358266497297,22.27362733972463],[-105.64584747968537,22.29243694954931],[-105.6535332897075,22.29254677007687],[-105.66214128018234,22.292377119328123],[-105.66597274838814,22.30656414587628],[-105.66901350987415,22.317680862689706],[-105.67224735754132,22.32998389145076],[-105.67575112907419,22.34309478210372],[-105.67985693057064,22.356961189995488],[-105.68452556951445,22.371821632204828],[-105.69018319242413,22.387832716511614],[-105.69662033353819,22.404915026318367],[-105.70202971567971,22.417930039707688],[-105.70700714159915,22.42969767764309],[-105.71481177377521,22.447091537344843],[-105.72028453507168,22.45825121001477],[-105.72933346756564,22.475999431348093],[-105.73647073691191,22.48779308306118],[-105.74039684814537,22.495181310025576],[-105.75340877417852,22.521240159774557],[-105.7591768514185,22.533617898650217],[-105.75523224541797,22.538712742947123],[-105.75104437986244,22.540076889385215],[-105.74853242756936,22.53654987388352],[-105.74632033537456,22.533160521757743],[-105.74393285983386,22.52768111943941],[-105.74204517578906,22.524734486027715],[-105.73949474686475,22.519274719717355],[-105.73680094975771,22.51369187931107],[-105.73267044732786,22.50516163046619],[-105.73132066003149,22.5019404798877],[-105.72979817990654,22.498178519977227],[-105.72714025967966,22.491380819842128],[-105.7242658601602,22.487596979411673],[-105.7219965795325,22.484900059280335],[-105.71508628989123,22.47633757963423],[-105.70673512188041,22.471126886050847],[-105.70118725036598,22.46769017943957],[-105.69412608957568,22.468055570072604],[-105.68988520027128,22.4673503101391],[-105.68277109046458,22.46713376979526],[-105.67742593968062,22.468109459473073],[-105.67430876955568,22.49646399928234],[-105.68387144958274,22.525427079990614],[-105.68512795029707,22.528798059403364],[-105.68804984507142,22.533588452085873],[-105.68998638023524,22.53804402998249],[-105.69333245423537,22.54560005220531],[-105.69728171994285,22.5516869097634],[-105.70053542030149,22.560407999377748],[-105.69567215004261,22.568309149848666],[-105.68867183037759,22.56965170953945],[-105.68525448042726,22.571886519651706]]],[[[-104.55782338120515,20.995352507564082],[-104.55039667415322,20.951638556582754],[-104.54402282976831,20.948753279719735],[-104.534670920234,20.96539047939577],[-104.48419098040578,20.990329779975742],[-104.44049571042387,20.94265641967868],[-104.35468428007789,20.965460920037085],[-104.33316251025059,20.927740029771243],[-104.32697756776453,20.90782051752822],[-104.32183699999617,20.90080491975089],[-104.31970294973276,20.894792879819146],[-104.31305058041725,20.88916757994061],[-104.3081202764766,20.882609678186988],[-104.30507521614494,20.875855343402474],[-104.30202668819756,20.87005052278325],[-104.29986777981038,20.864030259667146],[-104.30155768027605,20.86050659981973],[-104.29474289041639,20.85596842976857],[-104.29236559956749,20.848423119508475],[-104.29541589005086,20.845496059434915],[-104.29978699976165,20.847248479337665],[-104.30399457987393,20.84597776884684],[-104.30755025040193,20.846210919885205],[-104.31121805965458,20.843845860141588],[-104.31269483032128,20.841075489411086],[-104.31902435007024,20.838638289825077],[-104.32369081553868,20.841238790780213],[-104.32771194041388,20.84197353951313],[-104.33206686030175,20.84297997939058],[-104.33519831023318,20.84653339961173],[-104.34065714954244,20.844635689470373],[-104.34418305731516,20.84598649679519],[-104.34726873925544,20.844811117084213],[-104.35136964519725,20.844481575255536],[-104.35631022007975,20.843707999746986],[-104.35932457018997,20.84180345012853],[-104.36184671963439,20.83893902940058],[-104.35835647961049,20.83433699977165],[-104.35897302042589,20.827379309869784],[-104.35706323002341,20.82036896945558],[-104.36138172803454,20.81785686501979],[-104.36326224223534,20.79773573224341],[-104.37540861151113,20.77785198121156],[-104.37238982014799,20.778292120024307],[-104.36759846879727,20.781493310559938],[-104.3627152266032,20.784858901846167],[-104.35921937980278,20.788349889789284],[-104.35514760005154,20.791357969889518],[-104.3502345804054,20.791777979728888],[-104.34529346039344,20.790750549875444],[-104.33540144229451,20.790288846523392],[-104.29735440047861,20.77084476971227],[-104.29187097967598,20.770793110056097],[-104.29197431754119,20.778020277560202],[-104.28377494797161,20.7827598478306],[-104.28002004235617,20.768928650548446],[-104.2744747273885,20.769986656125024],[-104.27258365814777,20.766596620898223],[-104.27141252594618,20.763750617579586],[-104.26813422025764,20.755740429771834],[-104.26331479452577,20.743453400778336],[-104.25625509243594,20.73220101662496],[-104.2472073796167,20.725699419977563],[-104.24694725084579,20.7203279997999],[-104.24337818011401,20.715608769622808],[-104.24142891964536,20.709984779314542],[-104.24743552005759,20.703081319400173],[-104.24476454982593,20.696480309631664],[-104.24449298028506,20.69220630989108],[-104.24773025044811,20.6869437398743],[-104.24615394029865,20.671527080139043],[-104.23862993775253,20.666129403724458],[-104.23916470937361,20.66014297929462],[-104.24956416711173,20.65551293360254],[-104.25676776999371,20.649281859908207],[-104.25944330961065,20.640713249864014],[-104.24922681991094,20.63397636998685],[-104.24868680110922,20.62944850293696],[-104.2539077503177,20.628996479913326],[-104.25304709009262,20.61823334969794],[-104.25275720914634,20.61395404690462],[-104.25211894984949,20.6092404198027],[-104.25281450748838,20.605590947800483],[-104.25535789009798,20.603373089995927],[-104.25987580036706,20.60571633944902],[-104.2631836259973,20.60911511464746],[-104.26606403021368,20.613079319829062],[-104.27198748971587,20.615453829382698],[-104.27509333903068,20.618309460208728],[-104.27607324967015,20.62274172055301],[-104.27985474160111,20.625959979588885],[-104.28201095007624,20.628993349377485],[-104.28118560965008,20.633140997211598],[-104.28252399998205,20.637222310017656],[-104.28158217044373,20.64081679939696],[-104.28191471944632,20.64446134451498],[-104.28119655002034,20.648877519424133],[-104.28476931222569,20.652887200107568],[-104.2832371579674,20.657338086960408],[-104.28755906534874,20.65945224723839],[-104.28620627996169,20.66600437978594],[-104.28456022953283,20.670619139972093],[-104.28823067963671,20.6758501200207],[-104.28801705000052,20.679125569374833],[-104.28892077042256,20.683854290135525],[-104.2870731804491,20.687151049562473],[-104.29250788528971,20.69139206630821],[-104.29651859550657,20.69212223997489],[-104.30186788969854,20.69299796980031],[-104.3057756304013,20.695013479570164],[-104.3079732178378,20.69809072021343],[-104.31116871036569,20.70490664930985],[-104.3164605052153,20.707077881855223],[-104.31728088009595,20.71079696932404],[-104.31956711996229,20.71366233964323],[-104.32328355005875,20.71449565951399],[-104.32677546511096,20.71739535338081],[-104.33078376954255,20.71661376940497],[-104.3365036195913,20.721616750112066],[-104.3407521211206,20.72236495096008],[-104.34685670960367,20.72410364946541],[-104.3506960602741,20.727527519380065],[-104.35322737009164,20.7354655194652],[-104.357327141055,20.73677264715015],[-104.36104777027815,20.74042114970669],[-104.36870651043658,20.74327037011331],[-104.37810741971325,20.74293310983826],[-104.37715110967481,20.749926320108905],[-104.38089049024966,20.757357090057013],[-104.38548051977064,20.7627749497365],[-104.3855478599402,20.767403569380345],[-104.39116090076818,20.771136293133207],[-104.39502137011884,20.77488885002187],[-104.39868740295198,20.782157651166393],[-104.40364827992603,20.786061079961755],[-104.41254308034826,20.79094539929649],[-104.41896561963695,20.796254149214082],[-104.42446677975416,20.790812019676206],[-104.42911303509312,20.79292627975104],[-104.43304982038194,20.799525480112663],[-104.43539496997035,20.80532485992714],[-104.44083582981959,20.807603018578337],[-104.44659624955932,20.804278219782255],[-104.45283237387854,20.80458857340582],[-104.45831988961731,20.80651017266353],[-104.46295644968558,20.811258709913318],[-104.46897287965108,20.81706376947408],[-104.47607382948225,20.819520703766145],[-104.47625958037244,20.823055396394942],[-104.4803194634142,20.823255873319106],[-104.48234997021508,20.826071688859226],[-104.48417451204853,20.831043199700886],[-104.4870668597696,20.834336139396278],[-104.49209494971848,20.83791085005809],[-104.49738155035034,20.838585459490005],[-104.50083334014664,20.840383769741283],[-104.50174948000529,20.84448381995064],[-104.50410233388276,20.847665576723724],[-104.50602894006255,20.85910000018206],[-104.5111156822486,20.860018446988864],[-104.51363895085593,20.865792339812423],[-104.51897182029887,20.868580319839424],[-104.52176962023532,20.876039370024472],[-104.5231961400826,20.87983374930507],[-104.52444202964644,20.885761889549435],[-104.53063203005799,20.882998219689494],[-104.53419436096044,20.884963058224283],[-104.53379174926008,20.888600116906883],[-104.53571917972839,20.89585762994472],[-104.5418661500035,20.89713217968974],[-104.54375603010273,20.89980510991818],[-104.54423242040488,20.905157029374415],[-104.54258441995057,20.911314489629017],[-104.54776432086122,20.914246258236197],[-104.55567582995857,20.919455179460893],[-104.55689486833052,20.923954367779505],[-104.56064340024062,20.92617866012683],[-104.56757337957319,20.929562739716864],[-104.57508562986706,20.930240770033333],[-104.57862377987234,20.933932419487245],[-104.58600842037455,20.933774649750255],[-104.59129947984218,20.933839279710824],[-104.59568265886506,20.93202004446485],[-104.6017816800659,20.931066820098962],[-104.61047167789208,20.925717996194933],[-104.61889428979612,20.92377373929465],[-104.62452844341514,20.925239511695157],[-104.62779624991958,20.925185090077242],[-104.6123775185685,20.939010798921203],[-104.55782338120515,20.995352507564082]]],[[[-106.22813548054592,21.33258641310873],[-106.22567384438221,21.33056819285787],[-106.22518561333084,21.32733706190255],[-106.22646246823263,21.324436669118306],[-106.22353829321372,21.323201954628406],[-106.22658282008565,21.3228419086319],[-106.22639943236261,21.319568785840758],[-106.22757086112391,21.316492461582904],[-106.22736593195484,21.313181816371905],[-106.22753817381916,21.309911595762777],[-106.22616390332513,21.307215182576996],[-106.22824060590449,21.304988100569968],[-106.22936146956819,21.302126520852667],[-106.22949505085613,21.29827637634248],[-106.22898624453514,21.294513901381734],[-106.23019699308766,21.29174153358166],[-106.23298536375752,21.29514227189641],[-106.23347463868534,21.29865017990117],[-106.2372056712219,21.299742498706784],[-106.2396683270296,21.297967563583324],[-106.24087723111155,21.294375387167147],[-106.24330060825716,21.292496175295618],[-106.24697830222429,21.292363259978735],[-106.25012818281428,21.291988912979008],[-106.25345049625776,21.292380449673786],[-106.25668351944223,21.2929187426408],[-106.25850896080638,21.295714886051247],[-106.26123164545463,21.298118354602714],[-106.26439807642782,21.299605212615056],[-106.26833440897123,21.300777302392817],[-106.27113919856527,21.30398719841178],[-106.27432340197122,21.306511931394375],[-106.27570509165294,21.31005020366798],[-106.27716455710198,21.313290341649147],[-106.27761689971264,21.31654319882267],[-106.27517043470976,21.3185180401528],[-106.2735265275437,21.32190663777363],[-106.27032344631657,21.323340576816655],[-106.268246847137,21.32564996695024],[-106.26622255288878,21.328388190174227],[-106.26326532803658,21.329973998611404],[-106.26098615901883,21.332074684051467],[-106.25878612194683,21.334228511525094],[-106.25566264072549,21.334212818450137],[-106.25280436153787,21.332994059622603],[-106.24978595919579,21.33289906827844],[-106.24629895868335,21.333030364319225],[-106.24318766101784,21.33284703631712],[-106.23972026654336,21.33310836894312],[-106.23661945814105,21.331383101293167],[-106.23356378944331,21.332563432574435],[-106.23225190078081,21.335456697911575],[-106.22959767198658,21.33381879900483],[-106.22813548054592,21.33258641310873]]],[[[-105.02511284481419,20.999369742808142],[-104.98790377965769,20.920696859743536],[-105.00011635394604,20.912580891008293],[-105.01587456968112,20.917711620532025],[-105.02759723024786,20.911424220074732],[-105.03919422832497,20.915085890926076],[-105.04463122064554,20.93144107659625],[-105.05962027611501,20.932902140518213],[-105.07427271020657,20.928715580817087],[-105.08615606003154,20.92347246013699],[-105.09346615037238,20.919893879751037],[-105.09876156861534,20.914595998295837],[-105.1060803697306,20.90749521982535],[-105.11700881291961,20.89831395388661],[-105.13317344961348,20.888818459827274],[-105.139954230434,20.880254799825128],[-105.1525587892646,20.869049095704156],[-105.15698702988031,20.860305850011823],[-105.15550401123512,20.852809507555857],[-105.16178982032686,20.837988449300596],[-105.16340987980215,20.829956379621954],[-105.16782351048128,20.820751710125275],[-105.17395562661127,20.81274138138231],[-105.17276148996143,20.806038310064515],[-105.16229828285847,20.792528607384625],[-105.1684967500898,20.778646749484043],[-105.17599977072182,20.768619648678836],[-105.19696114028991,20.777171029485118],[-105.20094400086914,20.771383949803475],[-105.20582548997561,20.764144850140518],[-105.21268442986467,20.76503589008392],[-105.22285422039396,20.756164880039407],[-105.22960820030012,20.7518351798837],[-105.23339145164731,20.748284275901113],[-105.23953265028955,20.74411619936565],[-105.237601310087,20.726574449889547],[-105.24390016959646,20.72682197593012],[-105.2440638496836,20.720504949612224],[-105.24286194020162,20.708924169731667],[-105.25287658002982,20.704908089311008],[-105.25949467422959,20.693115018996615],[-105.26027849029656,20.684556139894482],[-105.26597708969616,20.679049849389397],[-105.27402973782854,20.682736511413655],[-105.2791724165578,20.68056005756286],[-105.27427173982885,20.67406370966706],[-105.2807584901927,20.673247920159927],[-105.28570915111438,20.67384545929398],[-105.28986577232035,20.680540490715998],[-105.29574623407419,20.687341659840286],[-105.29899244758016,20.69777514574925],[-105.30580559481612,20.71583918957011],[-105.3128350400167,20.72828200788309],[-105.3190718704086,20.735901291579953],[-105.33049213261299,20.74747220044026],[-105.33883281346816,20.753722452590697],[-105.34772605623166,20.75970685742098],[-105.35824786659543,20.762497618504575],[-105.3626404317199,20.762431608397378],[-105.3655396590801,20.760138672504553],[-105.36955586037465,20.754868795938865],[-105.37091472661011,20.751605521810585],[-105.37482257692912,20.751409844002758],[-105.3779443903031,20.750096260033697],[-105.38108771101099,20.7490814028495],[-105.37804595164494,20.74745474017645],[-105.38036624984123,20.7455527811354],[-105.3841123887554,20.745233176141486],[-105.38700604068764,20.743158754907046],[-105.38997251182171,20.740684147153722],[-105.39332271081939,20.738850138177064],[-105.39870147286601,20.735830872404147],[-105.4018951961834,20.73469729156209],[-105.40634210788907,20.736810821689776],[-105.41169156996412,20.73533656611881],[-105.41855270977763,20.738847791615292],[-105.43006201897987,20.745497225038914],[-105.4399766451173,20.748693570874316],[-105.44652318408468,20.749116294892236],[-105.45457898468165,20.751639082231893],[-105.45794395838728,20.752764889894145],[-105.46345456078775,20.754333677721704],[-105.46677083034044,20.755743721594673],[-105.47315236979716,20.754187644870907],[-105.47674086542266,20.753823374350368],[-105.48418534290141,20.757694455564497],[-105.48932567605436,20.75998807174584],[-105.49179569565251,20.76264176417969],[-105.50025769989118,20.767524282147487],[-105.50866430346767,20.770979015325004],[-105.51597321882474,20.771075015078026],[-105.52016258621582,20.77074556210962],[-105.52439702892697,20.76742503561662],[-105.52808859083218,20.764982261092598],[-105.53196779597707,20.75849113704012],[-105.53508987781731,20.7578076295265],[-105.53727833762872,20.761244700304633],[-105.5377052259891,20.76425219650253],[-105.53889339941688,20.76994265581814],[-105.5346956533072,20.77618290376424],[-105.53141223647772,20.779305492476634],[-105.53010821794568,20.784537615614735],[-105.52767488518202,20.78810779408906],[-105.52501548591026,20.789913211473458],[-105.52198368763851,20.79087830074617],[-105.51834483989563,20.788875747984665],[-105.51512953719404,20.78657394544535],[-105.51273596673212,20.78435702654718],[-105.50592458645036,20.7829912395492],[-105.49978544808798,20.786085864548774],[-105.49537090410742,20.788874682817564],[-105.4851084200139,20.80041791338093],[-105.47979589648816,20.810185627974857],[-105.47710592308928,20.815569596712947],[-105.47622976211477,20.82000038571031],[-105.47304334447226,20.825077638628475],[-105.4711170594661,20.828007630985482],[-105.46870780820836,20.832036884331156],[-105.46545541863718,20.836862582369267],[-105.4645524723677,20.8413847592883],[-105.46241156690128,20.850232087176117],[-105.46085523368146,20.85426968639628],[-105.45643590422563,20.86026190892495],[-105.45443312069463,20.868130166627783],[-105.45334258811303,20.87241840937397],[-105.45216331091719,20.875181435553813],[-105.44883907698515,20.872969492671835],[-105.44524490106276,20.872858847472298],[-105.44034631169976,20.871772018550097],[-105.43137502256583,20.879133486996935],[-105.42659953816482,20.8860169548541],[-105.42114792407946,20.896508123907584],[-105.41681958227221,20.901313702979234],[-105.41150116981008,20.913419735156303],[-105.40918119469596,20.917738456716098],[-105.40444904227387,20.924573459032715],[-105.4006033541562,20.93151347334974],[-105.39702925973342,20.932688709701136],[-105.39165182246303,20.936328313569657],[-105.38787879335679,20.937092280357675],[-105.38469494648193,20.94261392149404],[-105.38123697956776,20.94473297983697],[-105.37564042875563,20.946414848356156],[-105.37225326565637,20.95029455939649],[-105.36940496885383,20.953130983357987],[-105.36691732456453,20.95551985569718],[-105.36332671767673,20.95523432054016],[-105.35731976884475,20.957661370808232],[-105.0375903545063,20.991632543398755],[-105.02511284481419,20.999369742808142]]],[[[-104.53831257032057,21.17818294005176],[-104.50976045037274,21.164836650121362],[-104.49324149038259,21.15525574939373],[-104.48079696954848,21.11049708968507],[-104.47004208024751,21.106310369921204],[-104.46720923003883,21.099965849724722],[-104.46584805966853,21.096013979904786],[-104.45998225988187,21.08562442986859],[-104.45964854818158,21.07008494953348],[-104.44960301952611,21.07191604948379],[-104.44855899977804,21.07654684965295],[-104.44329752014022,21.07567968973761],[-104.43813309018884,21.075487939642162],[-104.43912020040476,21.069934859357677],[-104.4405013397527,21.064803549989847],[-104.4414099801119,21.06142750956835],[-104.43763149023502,21.058318749904267],[-104.43228430994084,21.053920319834738],[-104.42473920317157,21.051746658639807],[-104.42288148249055,21.047573027256714],[-104.42493730980513,21.04372568014397],[-104.42931188043637,21.04412204975903],[-104.43205004963382,21.042889259803342],[-104.43630842953107,21.041197709441526],[-104.4295276904351,21.035584169485546],[-104.42215282892657,21.03420972151494],[-104.42034618009144,21.028348619417994],[-104.4174473512402,21.029147137492338],[-104.41171430650971,21.02816631283656],[-104.40798245971347,21.025024889920342],[-104.40649227979792,21.021933429380493],[-104.40588465002685,21.01719055010295],[-104.40743017971658,21.013881769561557],[-104.41015625012747,21.010652059449107],[-104.41894362143907,21.012561309789323],[-104.42799969011989,21.01128422003808],[-104.43607631979881,21.00887731982101],[-104.44061091041773,21.011608479437168],[-104.44583821981482,21.005422150108803],[-104.44933351966722,20.997470879625958],[-104.46321588989383,20.993512319654485],[-104.49536774036768,20.97280924935623],[-104.54025678038045,20.966975539748315],[-104.54315011044595,20.948676539762367],[-104.55312024999799,20.95259505002179],[-104.55782338120515,20.995352507564082],[-104.61601438230839,20.936400231219643],[-104.62853474188313,20.924573111249277],[-104.63330799997821,20.928057400751236],[-104.63592342021678,20.932674859341663],[-104.6427830804103,20.934234650879098],[-104.64730373087333,20.935008276436207],[-104.65471998024532,20.93201901993773],[-104.65973834123874,20.935629278869687],[-104.66222564987935,20.943962848404553],[-104.66976029005127,20.941527319549213],[-104.68099996955644,20.943840620669828],[-104.68251550914358,20.949257738890722],[-104.68096185999748,20.95205934996373],[-104.68016775005844,20.959526479367707],[-104.68804924958826,20.9619853502849],[-104.69694131953293,20.964386850432227],[-104.70494469050004,20.966918144682243],[-104.70701678027142,20.9715989693468],[-104.70967339980037,20.974585279928498],[-104.71577682008635,20.974434909372942],[-104.7178100795838,20.98181131017744],[-104.7284646203006,20.985743450228334],[-104.72798151989029,20.995049999542456],[-104.7262489992006,21.001563051650912],[-104.7252575064979,21.005287110763255],[-104.72855285979416,21.00941391056269],[-104.7313709698129,21.012477090381402],[-104.72727684972254,21.01426802969616],[-104.71884538278796,21.02161622073236],[-104.72090620030362,21.02706984976741],[-104.71345625022647,21.03518797966877],[-104.70752749023298,21.03804711938305],[-104.70221839954014,21.04106235000582],[-104.6951292198349,21.04459331997943],[-104.69880756990722,21.050637689476204],[-104.69575667728321,21.057730379882138],[-104.68855245983734,21.06003915012572],[-104.68483056344034,21.06732101657493],[-104.67391388035117,21.073287579878254],[-104.67198208988756,21.07699242989409],[-104.66749412028221,21.078478739451647],[-104.65895272020796,21.085141450244254],[-104.66318251986236,21.089487969624912],[-104.66085996979771,21.09835437932088],[-104.66059714002647,21.102686999467217],[-104.65431898036144,21.108091169604293],[-104.65391698658563,21.114303079099265],[-104.65961111212258,21.117140938705536],[-104.66215619994077,21.119017709946295],[-104.66554207954039,21.11969761929591],[-104.66008176998523,21.123615419784635],[-104.64881485980467,21.131401619661975],[-104.64124663156034,21.130866217066608],[-104.63696727974124,21.1269595396101],[-104.63228622016456,21.13025187958313],[-104.62801466031061,21.130716909550795],[-104.62249114003176,21.1347480192803],[-104.62118047957718,21.13937794940238],[-104.61958942042895,21.144134689365274],[-104.62362002837348,21.14709988101058],[-104.62726314023554,21.15189733931735],[-104.62800072033193,21.15550699939576],[-104.62817935386371,21.159529366149197],[-104.62881491957228,21.16329131966459],[-104.62899954999027,21.16676593981848],[-104.63158032138878,21.168939199793293],[-104.63376556970323,21.172646779965184],[-104.6304891200705,21.169511449346697],[-104.62687907859713,21.168377031018718],[-104.62377045860285,21.165760449383697],[-104.62299398366798,21.162562547484956],[-104.62516691890818,21.15892251989126],[-104.62315328031265,21.154941621030748],[-104.61851114931316,21.150432260276443],[-104.61567494014064,21.14799263057067],[-104.61462837887015,21.143777229692528],[-104.61306070973384,21.14096271066438],[-104.61177851920914,21.135968060908187],[-104.61203746004168,21.131889680414663],[-104.6172515989295,21.13192400039371],[-104.6137377999618,21.130647120067017],[-104.61656581924316,21.12783957106708],[-104.61451514901046,21.123062938144926],[-104.61133602020871,21.122545061043237],[-104.60976565025723,21.12688584969224],[-104.60327902895018,21.124047250696872],[-104.59346441526607,21.119215353020497],[-104.59453991950113,21.115108550557963],[-104.59755772960554,21.11524393771298],[-104.60089784990531,21.1131204804154],[-104.59817447825728,21.108999445731072],[-104.59397085936013,21.10240430929206],[-104.59076991935589,21.094638940199307],[-104.59212991861365,21.088579620373693],[-104.58355219924564,21.088273570797153],[-104.58617798009368,21.09248142007503],[-104.5843319500491,21.095779819943154],[-104.580404062363,21.09841426443213],[-104.57679655049598,21.098937171076585],[-104.57086907978254,21.10162633967173],[-104.57620984987709,21.10195791999478],[-104.57957119918434,21.106812050513188],[-104.57773870968283,21.110288110250202],[-104.58037335031712,21.11300182952195],[-104.58752893939462,21.11336524931528],[-104.58821176901883,21.120877049457807],[-104.58794027841691,21.127658694547787],[-104.59982287940835,21.135409449856073],[-104.5346228612981,21.16154256664463],[-104.5405593485624,21.16805931950447],[-104.53643484879387,21.176372889372004],[-104.53831257032057,21.17818294005176]]]]}}]}