{"type":"FeatureCollection","features":[{"type":"Feature","properties":{"CVEGEO":"18001","CVE_ENT":"18","CVE_MUN":"001","NOMGEO":"Acaponeta"},"geometry":{"type":"Polygon","coordinates":[[[-105.45474,22.66574],[-105.45354,22.66252],[-105.40554,22.65594],[-105.39754,22.60704],[-105.3945,22.59812],[-105.38329,22.56531],[-105.35642,22.56794],[-105.35342,22.56819],[-105.32465,22.56701],[-105.2787,22.56888],[-105.23044,22.55871],[-105.22744,22.5598],[-105.22538,22.55938],[-105.22243,22.55559],[-105.21937,22.55348],[-105.21641,22.5503],[-105.21428,22.54901],[-105.21451,22.54771],[-105.2129,22.54619],[-105.21148,22.54453],[-105.20833,22.54301],[-105.20547,22.53898],[-105.20163,22.53762],[-105.19825,22.53836],[-105.19374,22.53858],[-105.18748,22.53858],[-105.18267,22.53912],[-105.1784,22.53854],[-105.17556,22.53957],[-105.17301,22.54302],[-105.17111,22.54637],[-105.16572,22.54846],[-105.16182,22.55203],[-105.15916,22.55444],[-105.15753,22.5559],[-105.15654,22.55688],[-105.15525,22.55904],[-105.15411,22.56125],[-105.15208,22.56421],[-105.14858,22.56155],[-105.14378,22.56066],[-105.13985,22.55979],[-105.12953,22.5651],[-105.12248,22.56434],[-105.1218,22.56774],[-105.11836,22.56746],[-105.11525,22.56746],[-105.11251,22.56937],[-105.11125,22.57374],[-105.10931,22.57635],[-105.10852,22.57851],[-105.10732,22.58094],[-105.10518,22.5822],[-105.10348,22.58354],[-105.10241,22.58449],[-105.10162,22.58604],[-105.09864,22.58612],[-104.98791,22.49873],[-104.99224,22.48565],[-104.99752,22.48795],[-105.00522,22.48548],[-105.00631,22.4805],[-105.00217,22.47882],[-105.00052,22.47676],[-105.00154,22.47282],[-104.99917,22.46998],[-104.99511,22.46673],[-104.99321,22.46197],[-104.99626,22.45607],[-105.0013,22.4575],[-105.00442,22.46005],[-105.01038,22.46329],[-105.0161,22.46276],[-105.02473,22.45941],[-105.02642,22.45695],[-105.02795,22.45443],[-105.02826,22.45018],[-105.03589,22.44937],[-105.03921,22.44357],[-105.04193,22.43739],[-105.04711,22.43232],[-105.05309,22.42983],[-105.05422,22.42793],[-105.05017,22.4255],[-105.0465,22.42662],[-105.0446,22.42766],[-105.03953,22.42352],[-105.03558,22.41839],[-105.03532,22.41358],[-105.03573,22.40768],[-105.03194,22.40194],[-105.0336,22.39634],[-105.03191,22.38805],[-105.03009,22.3857],[-105.02928,22.38382],[-105.03042,22.38197],[-105.03008,22.37921],[-105.02757,22.37826],[-105.02412,22.37846],[-105.02271,22.37423],[-105.02311,22.37172],[-105.03002,22.37067],[-105.03299,22.36647],[-105.03269,22.36328],[-105.0357,22.35849],[-105.03942,22.35947],[-105.04238,22.35967],[-105.04594,22.35845],[-105.05162,22.35929],[-105.05526,22.35839],[-105.05713,22.35598],[-105.06155,22.35381],[-105.06732,22.35388],[-105.07269,22.3548],[-105.07533,22.35104],[-105.08069,22.34959],[-105.08431,22.34746],[-105.08847,22.34973],[-105.09149,22.34965],[-105.09364,22.35085],[-105.09556,22.35198],[-105.10076,22.35364],[-105.10396,22.35586],[-105.10715,22.35321],[-105.11016,22.34966],[-105.11451,22.34874],[-105.11658,22.34659],[-105.11543,22.34513],[-105.11573,22.34366],[-105.11711,22.34073],[-105.11706,22.33844],[-105.11812,22.3364],[-105.11628,22.33484],[-105.11587,22.33102],[-105.11906,22.32814],[-105.11829,22.32587],[-105.11781,22.32283],[-105.11806,22.31817],[-105.11735,22.31484],[-105.11859,22.31173],[-105.11872,22.30812],[-105.11827,22.30045],[-105.12059,22.28456],[-105.12857,22.2769],[-105.13852,22.2672],[-105.14854,22.25791],[-105.15707,22.25594],[-105.16255,22.25828],[-105.17251,22.26281],[-105.19154,22.2676],[-105.20705,22.26943],[-105.20846,22.27158],[-105.20853,22.27366],[-105.20906,22.27303],[-105.2089,22.27105],[-105.21034,22.2712],[-105.21242,22.27188],[-105.21458,22.27285],[-105.22172,22.27289],[-105.23989,22.27416],[-105.25297,22.26365],[-105.26764,22.30717],[-105.27631,22.30519],[-105.2789,22.3046],[-105.28865,22.30357],[-105.29198,22.31349],[-105.29556,22.32178],[-105.29833,22.32617],[-105.29983,22.33021],[-105.29902,22.34066],[-105.29826,22.3429],[-105.32377,22.36947],[-105.32805,22.37239],[-105.33306,22.3709],[-105.33774,22.37169],[-105.34088,22.36825],[-105.35395,22.34892],[-105.38072,22.3625],[-105.39406,22.36879],[-105.39773,22.37029],[-105.40525,22.372],[-105.40393,22.37712],[-105.40257,22.38222],[-105.40052,22.38995],[-105.39897,22.39585],[-105.40247,22.39893],[-105.4091,22.40073],[-105.40966,22.40887],[-105.41258,22.41788],[-105.41209,22.42472],[-105.41062,22.43349],[-105.41266,22.43887],[-105.4274,22.44091],[-105.44257,22.44343],[-105.45604,22.44513],[-105.46969,22.4483],[-105.47381,22.45033],[-105.47404,22.46011],[-105.47939,22.46213],[-105.50411,22.46434],[-105.52271,22.46145],[-105.52584,22.4672],[-105.52977,22.47022],[-105.53293,22.47458],[-105.536,22.47126],[-105.53831,22.46664],[-105.54004,22.46405],[-105.53398,22.45932],[-105.53629,22.45442],[-105.5359,22.45242],[-105.53313,22.4476],[-105.52878,22.4484],[-105.52688,22.44393],[-105.52266,22.42665],[-105.51822,22.40842],[-105.51826,22.407],[-105.52342,22.41685],[-105.52818,22.42469],[-105.53622,22.43133],[-105.54403,22.43587],[-105.55688,22.44439],[-105.56361,22.45401],[-105.55604,22.45563],[-105.55634,22.46099],[-105.55157,22.46216],[-105.54873,22.46293],[-105.55074,22.47357],[-105.55608,22.47641],[-105.55769,22.47854],[-105.55792,22.48277],[-105.56474,22.48261],[-105.56557,22.48785],[-105.56851,22.48916],[-105.57166,22.4906],[-105.57561,22.49334],[-105.58303,22.49658],[-105.58559,22.49909],[-105.6134,22.50168],[-105.61748,22.51281],[-105.61824,22.51509],[-105.62043,22.51553],[-105.62347,22.51203],[-105.62998,22.50976],[-105.6379,22.51484],[-105.6385,22.52234],[-105.64325,22.52381],[-105.64512,22.52257],[-105.64344,22.51953],[-105.65117,22.5195],[-105.67344,22.53722],[-105.67735,22.56155],[-105.68023,22.57308],[-105.66997,22.57688],[-105.66441,22.58458],[-105.66173,22.58533],[-105.66009,22.58593],[-105.65814,22.58441],[-105.65584,22.58369],[-105.65453,22.58222],[-105.65336,22.58071],[-105.64111,22.57988],[-105.64041,22.59337],[-105.62632,22.57936],[-105.60013,22.54377],[-105.59735,22.5363],[-105.56668,22.53831],[-105.53836,22.53023],[-105.53506,22.51972],[-105.53186,22.5153],[-105.52958,22.51596],[-105.52456,22.5198],[-105.51845,22.51996],[-105.51446,22.51829],[-105.50616,22.52268],[-105.50187,22.52512],[-105.497,22.52415],[-105.49308,22.52245],[-105.48864,22.51886],[-105.48422,22.51768],[-105.48255,22.51566],[-105.48066,22.51048],[-105.47933,22.50784],[-105.47556,22.50562],[-105.47406,22.5029],[-105.47039,22.50561],[-105.46418,22.5084],[-105.46208,22.51015],[-105.46029,22.50936],[-105.45775,22.51389],[-105.45354,22.51943],[-105.44377,22.52232],[-105.44155,22.52461],[-105.44341,22.5283],[-105.44083,22.53101],[-105.43729,22.5369],[-105.43678,22.53997],[-105.43571,22.54392],[-105.43483,22.54881],[-105.43697,22.55446],[-105.43588,22.55863],[-105.43731,22.56247],[-105.43743,22.57444],[-105.44007,22.58853],[-105.45621,22.59972],[-105.45057,22.60906],[-105.45016,22.62013],[-105.45103,22.62704],[-105.4652,22.62578],[-105.47282,22.62769],[-105.47022,22.64006],[-105.46637,22.64397],[-105.46164,22.65448],[-105.45945,22.66119],[-105.45926,22.66401],[-105.45474,22.66574]]]}},{"type":"Feature","properties":{"CVEGEO":"18009","CVE_ENT":"18","CVE_MUN":"009","NOMGEO":"Del Nayar"},"geometry":{"type":"Polygon","coordinates":[[[-104.84007,22.65111],[-104.83571,22.64483],[-104.82631,22.64044],[-104.81961,22.64046],[-104.81647,22.63609],[-104.81131,22.63477],[-104.80745,22.63997],[-104.80387,22.6444],[-104.80324,22.64876],[-104.79485,22.64853],[-104.78593,22.64655],[-104.77877,22.64128],[-104.77816,22.63668],[-104.77594,22.63076],[-104.77662,22.62386],[-104.77582,22.61616],[-104.77623,22.61006],[-104.77857,22.60609],[-104.77805,22.60195],[-104.77653,22.59827],[-104.77507,22.59305],[-104.77373,22.5892],[-104.77496,22.58418],[-104.76699,22.58024],[-104.76194,22.57081],[-104.74987,22.56515],[-104.73175,22.55855],[-104.72334,22.56541],[-104.71859,22.56276],[-104.70965,22.55551],[-104.7013,22.555],[-104.68979,22.55839],[-104.67717,22.56113],[-104.66922,22.56401],[-104.66677,22.55723],[-104.66235,22.55067],[-104.66033,22.54677],[-104.659,22.54227],[-104.65635,22.53809],[-104.65561,22.53419],[-104.65627,22.53272],[-104.65568,22.52962],[-104.65405,22.52532],[-104.65361,22.49874],[-104.60287,22.45852],[-104.60283,22.4542],[-104.60364,22.44993],[-104.60452,22.44491],[-104.60229,22.44147],[-104.6002,22.43843],[-104.59695,22.43464],[-104.59625,22.42981],[-104.59355,22.42581],[-104.59458,22.42298],[-104.5931,22.41998],[-104.59374,22.4144],[-104.59257,22.41193],[-104.58891,22.41261],[-104.58657,22.40844],[-104.58454,22.40635],[-104.58219,22.40089],[-104.5771,22.39679],[-104.57226,22.39401],[-104.56669,22.39492],[-104.55896,22.39356],[-104.55786,22.3864],[-104.55282,22.38834],[-104.55093,22.38517],[-104.54919,22.38036],[-104.54786,22.37649],[-104.54209,22.37306],[-104.53778,22.36703],[-104.53221,22.36356],[-104.52902,22.36273],[-104.52387,22.36073],[-104.52066,22.36056],[-104.5172,22.35776],[-104.51485,22.35508],[-104.51249,22.35273],[-104.5099,22.34947],[-104.50779,22.34613],[-104.5043,22.34587],[-104.50038,22.34606],[-104.49744,22.34903],[-104.4911,22.35123],[-104.48514,22.35013],[-104.48141,22.35141],[-104.4917,22.35956],[-104.48811,22.36976],[-104.49566,22.37544],[-104.35118,22.41095],[-104.32804,22.38116],[-104.29279,22.36232],[-104.2885,22.35755],[-104.28816,22.35336],[-104.28877,22.34962],[-104.29253,22.34475],[-104.2982,22.34605],[-104.29429,22.33649],[-104.29674,22.32886],[-104.29929,22.32623],[-104.29832,22.32431],[-104.29664,22.3227],[-104.29398,22.32103],[-104.29281,22.31932],[-104.29262,22.31802],[-104.29359,22.31574],[-104.29443,22.31319],[-104.29333,22.31074],[-104.29284,22.30886],[-104.29217,22.30696],[-104.28761,22.30536],[-104.28482,22.30148],[-104.28483,22.2972],[-104.28639,22.29635],[-104.2891,22.29472],[-104.28979,22.29181],[-104.28994,22.28793],[-104.28891,22.28546],[-104.29318,22.28336],[-104.29671,22.27605],[-104.30031,22.2746],[-104.30327,22.2698],[-104.3067,22.26509],[-104.30953,22.26321],[-104.3121,22.26083],[-104.31431,22.25761],[-104.31841,22.25672],[-104.32098,22.25483],[-104.32325,22.25196],[-104.32427,22.24972],[-104.32695,22.24792],[-104.32729,22.24635],[-104.32876,22.24478],[-104.32864,22.24168],[-104.32851,22.2388],[-104.32717,22.23575],[-104.32636,22.23281],[-104.32809,22.23043],[-104.32995,22.22991],[-104.33181,22.22613],[-104.33215,22.22227],[-104.33359,22.2185],[-104.33429,22.21592],[-104.33898,22.21375],[-104.34103,22.20779],[-104.33672,22.20257],[-104.33186,22.20049],[-104.33535,22.19533],[-104.33553,22.18978],[-104.33703,22.18626],[-104.33926,22.18566],[-104.34135,22.18304],[-104.34804,22.17709],[-104.3502,22.17407],[-104.35124,22.16782],[-104.35577,22.16429],[-104.35475,22.15903],[-104.35451,22.15226],[-104.35727,22.14544],[-104.36125,22.13702],[-104.36121,22.12943],[-104.36371,22.12118],[-104.36473,22.11354],[-104.36819,22.1093],[-104.37328,22.10189],[-104.36984,22.09737],[-104.36739,22.0903],[-104.36845,22.08398],[-104.36525,22.07664],[-104.3633,22.07089],[-104.36278,22.05569],[-104.3647,22.04835],[-104.36779,22.04501],[-104.36642,22.04198],[-104.36534,22.03751],[-104.36639,22.03289],[-104.36858,22.0286],[-104.36841,22.0258],[-104.36808,22.02412],[-104.36713,22.02086],[-104.36234,22.01944],[-104.36081,22.01672],[-104.36006,22.01081],[-104.36389,22.00357],[-104.36752,21.99759],[-104.36824,21.99335],[-104.36783,21.98997],[-104.36735,21.98636],[-104.36939,21.98243],[-104.36991,21.97803],[-104.36817,21.97408],[-104.37154,21.95753],[-104.41163,21.85145],[-104.43425,21.74443],[-104.437,21.74167],[-104.43836,21.73925],[-104.44024,21.73444],[-104.43414,21.73203],[-104.43116,21.72638],[-104.43156,21.72146],[-104.43335,21.71612],[-104.43547,21.70897],[-104.43737,21.70506],[-104.43874,21.70059],[-104.43904,21.6928],[-104.43846,21.68905],[-104.42732,21.65587],[-104.43993,21.62631],[-104.46131,21.52971],[-104.47445,21.47205],[-104.48436,21.47888],[-104.49844,21.47911],[-104.50785,21.4701],[-104.5208,21.46202],[-104.53318,21.46124],[-104.54261,21.47578],[-104.53274,21.49864],[-104.53127,21.5183],[-104.54996,21.51843],[-104.56375,21.52221],[-104.5732,21.5521],[-104.56846,21.57066],[-104.58183,21.58939],[-104.60859,21.63943],[-104.63952,21.71145],[-104.66249,21.75573],[-104.68168,21.77821],[-104.69803,21.80552],[-104.71596,21.83562],[-104.76309,21.84829],[-104.80964,21.83659],[-104.8282,21.82764],[-104.84973,21.80755],[-104.85565,21.78013],[-104.89585,21.77977],[-104.91618,21.7935],[-104.93001,21.77482],[-104.90878,21.84284],[-104.86592,21.89308],[-104.90274,21.88639],[-104.89398,21.89949],[-104.87276,21.93783],[-104.86375,21.9373],[-104.84973,21.95056],[-104.83751,21.96985],[-104.79375,22.0008],[-104.79791,22.00174],[-104.8007,22.00037],[-104.80491,22.00161],[-104.80997,22.00298],[-104.81174,22.00518],[-104.80801,22.00761],[-104.81214,22.02436],[-104.97374,22.15779],[-104.98751,22.17347],[-104.98266,22.18474],[-104.98538,22.19549],[-104.98271,22.20297],[-104.98703,22.21218],[-104.99921,22.21477],[-105.00882,22.21939],[-105.01101,22.2265],[-105.0127,22.23509],[-105.01139,22.24268],[-105.01053,22.25033],[-105.00953,22.25633],[-105.00858,22.26281],[-105.00977,22.26669],[-105.01574,22.27197],[-105.02121,22.28113],[-105.02406,22.28712],[-105.02278,22.29432],[-105.02139,22.29937],[-105.0268,22.30629],[-105.03463,22.30662],[-105.04309,22.30842],[-105.04698,22.32066],[-105.04582,22.3244],[-105.05133,22.33067],[-105.04742,22.33274],[-105.04321,22.34144],[-105.03673,22.35207],[-105.0357,22.35842],[-105.03308,22.36555],[-105.02813,22.37073],[-105.0231,22.37477],[-105.02742,22.37846],[-105.03026,22.38099],[-105.02901,22.38461],[-105.03212,22.38829],[-105.03252,22.40068],[-105.0363,22.41112],[-105.03661,22.41908],[-105.04479,22.42758],[-105.04923,22.42506],[-105.05359,22.42921],[-105.04588,22.43327],[-105.03922,22.44407],[-105.02918,22.44986],[-105.0276,22.45536],[-105.02333,22.4604],[-105.01038,22.46329],[-105.00178,22.45777],[-104.99389,22.45959],[-104.99756,22.46795],[-105.00154,22.47282],[-105.00169,22.47872],[-105.00633,22.48283],[-104.99612,22.48668],[-104.96071,22.50527],[-104.84007,22.65111]]]}},{"type":"Feature","properties":{"CVEGEO":"18010","CVE_ENT":"18","CVE_MUN":"010","NOMGEO":"Rosamorada"},"geometry":{"type":"Polygon","coordinates":[[[-105.04112,22.35989],[-105.03632,22.35843],[-105.03696,22.35583],[-105.03685,22.3513],[-105.04245,22.34325],[-105.04454,22.33691],[-105.04772,22.33244],[-105.05052,22.33175],[-105.04825,22.32769],[-105.04606,22.32378],[-105.04708,22.32153],[-105.04634,22.31647],[-105.04305,22.30807],[-105.0388,22.30618],[-105.03083,22.30742],[-105.02456,22.30588],[-105.02049,22.30141],[-105.0214,22.29816],[-105.02315,22.29408],[-105.02503,22.28853],[-105.02151,22.28679],[-105.02071,22.27994],[-105.01655,22.27235],[-105.0127,22.27016],[-105.00957,22.26614],[-105.00944,22.26392],[-105.00857,22.25904],[-105.0097,22.25613],[-105.00999,22.25156],[-105.01082,22.24632],[-105.01139,22.2416],[-105.01196,22.23646],[-105.01343,22.23104],[-105.01053,22.22623],[-105.00875,22.22166],[-105.00603,22.21799],[-104.99886,22.21432],[-104.99068,22.21464],[-104.98338,22.20841],[-104.98382,22.20179],[-104.98589,22.19638],[-104.98251,22.18907],[-104.98326,22.1835],[-104.98648,22.17653],[-104.98304,22.16565],[-104.97425,22.15358],[-104.9671,22.15209],[-104.96141,22.15692],[-104.96219,22.14937],[-104.96394,22.13938],[-104.95502,22.12201],[-104.94853,22.11012],[-104.94472,22.09928],[-104.94975,22.09061],[-104.94599,22.07776],[-104.94423,22.06362],[-104.93136,22.05827],[-104.93273,22.04214],[-104.93939,22.03848],[-104.94335,22.02837],[-104.95331,22.02098],[-104.95953,22.01322],[-104.9689,22.01363],[-104.96152,22.00369],[-104.9522,21.99885],[-104.95338,21.98603],[-104.95683,21.98394],[-104.96254,21.968],[-104.96723,21.95897],[-104.97774,21.94966],[-104.99138,21.94771],[-104.99802,21.94796],[-105.01348,21.94702],[-105.0378,21.94219],[-105.04957,21.95002],[-105.05498,21.9677],[-105.06482,21.97204],[-105.06552,21.9586],[-105.07528,21.95271],[-105.08549,21.94509],[-105.09433,21.94096],[-105.10999,21.94221],[-105.11093,21.94255],[-105.11944,21.94304],[-105.13082,21.94602],[-105.12608,21.95077],[-105.12541,21.95165],[-105.1242,21.95347],[-105.12411,21.95403],[-105.12343,21.95521],[-105.12221,21.95845],[-105.11987,21.95878],[-105.11913,21.96002],[-105.11861,21.96486],[-105.11933,21.97136],[-105.1303,21.97724],[-105.13872,21.96845],[-105.14486,21.96541],[-105.14623,21.96388],[-105.14827,21.96427],[-105.15109,21.96618],[-105.15353,21.96877],[-105.15809,21.96702],[-105.1645,21.96417],[-105.16541,21.96753],[-105.17791,21.96191],[-105.18538,21.95341],[-105.20657,21.95559],[-105.22157,21.95702],[-105.22385,21.95709],[-105.22635,21.95529],[-105.2273,21.95451],[-105.22794,21.95399],[-105.23229,21.95038],[-105.23581,21.95706],[-105.24096,21.96818],[-105.24803,21.96998],[-105.25595,21.96601],[-105.25866,21.94611],[-105.26326,21.94361],[-105.27068,21.94651],[-105.27243,21.94626],[-105.273,21.94615],[-105.27404,21.94595],[-105.27481,21.94584],[-105.27542,21.94572],[-105.2759,21.94564],[-105.277,21.94561],[-105.27796,21.94568],[-105.27868,21.94559],[-105.27918,21.94543],[-105.27978,21.94528],[-105.28043,21.9451],[-105.28108,21.94497],[-105.28138,21.94466],[-105.28188,21.94433],[-105.28231,21.94432],[-105.28276,21.94448],[-105.28323,21.94444],[-105.2837,21.94422],[-105.28421,21.94395],[-105.2847,21.94376],[-105.2852,21.94357],[-105.28551,21.94355],[-105.28594,21.94356],[-105.28623,21.94319],[-105.28613,21.94268],[-105.28638,21.94256],[-105.2866,21.94245],[-105.287,21.94249],[-105.28729,21.94257],[-105.28771,21.94265],[-105.28797,21.94271],[-105.28828,21.94276],[-105.28872,21.94277],[-105.289,21.94273],[-105.28944,21.94246],[-105.2899,21.94248],[-105.29021,21.9426],[-105.2905,21.94279],[-105.29082,21.94289],[-105.29133,21.94305],[-105.29179,21.94316],[-105.29217,21.94323],[-105.29287,21.9434],[-105.29353,21.94356],[-105.29413,21.94385],[-105.29473,21.94414],[-105.29531,21.94445],[-105.29585,21.94483],[-105.29629,21.94529],[-105.29679,21.94571],[-105.29726,21.94603],[-105.29763,21.94649],[-105.29795,21.94691],[-105.29845,21.94732],[-105.29886,21.94772],[-105.29933,21.94816],[-105.29975,21.94854],[-105.30018,21.94886],[-105.30072,21.94903],[-105.30102,21.94908],[-105.30129,21.94913],[-105.30166,21.9493],[-105.30196,21.94958],[-105.30215,21.94994],[-105.30226,21.95019],[-105.30242,21.9505],[-105.30271,21.95065],[-105.30304,21.95067],[-105.30321,21.95096],[-105.30346,21.95113],[-105.30367,21.95118],[-105.30406,21.95123],[-105.30459,21.95128],[-105.30461,21.95172],[-105.30471,21.95296],[-105.30266,21.95466],[-105.30129,21.95438],[-105.30062,21.95396],[-105.29903,21.95387],[-105.29869,21.9562],[-105.29842,21.96372],[-105.30974,21.97339],[-105.31843,21.97839],[-105.32953,21.98427],[-105.34002,21.98802],[-105.34175,21.98643],[-105.34234,21.99295],[-105.34326,21.9961],[-105.34894,22.00235],[-105.35689,22.00186],[-105.3681,22.00045],[-105.3816,21.99773],[-105.38562,21.99871],[-105.39132,21.99929],[-105.39427,21.99849],[-105.39791,21.99725],[-105.41263,21.99988],[-105.41862,22.00804],[-105.42377,22.00093],[-105.42818,21.99393],[-105.48834,22.07882],[-105.51107,22.0879],[-105.54773,22.10261],[-105.57085,22.13255],[-105.54545,22.14581],[-105.52952,22.13054],[-105.5624,22.17664],[-105.5335,22.17353],[-105.50567,22.23741],[-105.49877,22.22114],[-105.4937,22.21859],[-105.48917,22.21247],[-105.48051,22.21327],[-105.47332,22.19614],[-105.46483,22.20111],[-105.45478,22.20631],[-105.44378,22.20511],[-105.43331,22.20614],[-105.42946,22.20773],[-105.42447,22.20131],[-105.42612,22.19621],[-105.4127,22.23883],[-105.39996,22.24281],[-105.39079,22.24232],[-105.38264,22.24572],[-105.37597,22.25215],[-105.36406,22.25663],[-105.37205,22.23438],[-105.33871,22.23766],[-105.33822,22.24143],[-105.34058,22.24288],[-105.34114,22.24404],[-105.34397,22.24445],[-105.34521,22.24589],[-105.31815,22.25389],[-105.29173,22.24091],[-105.28227,22.25491],[-105.26856,22.25945],[-105.26521,22.26383],[-105.25976,22.26733],[-105.25236,22.26249],[-105.24038,22.27511],[-105.21645,22.2727],[-105.21269,22.27209],[-105.21076,22.27154],[-105.2089,22.27105],[-105.20877,22.27327],[-105.20841,22.27324],[-105.20764,22.27072],[-105.19336,22.2662],[-105.17278,22.2645],[-105.16255,22.25828],[-105.1562,22.25541],[-105.14538,22.26042],[-105.13196,22.274],[-105.12471,22.28192],[-105.11916,22.29881],[-105.11872,22.30812],[-105.11773,22.3119],[-105.1177,22.31548],[-105.11809,22.32152],[-105.11899,22.32511],[-105.11913,22.32786],[-105.11587,22.33102],[-105.11668,22.33527],[-105.11849,22.33683],[-105.11717,22.33999],[-105.11672,22.34269],[-105.11514,22.34511],[-105.11658,22.34659],[-105.11411,22.34908],[-105.10833,22.35047],[-105.10582,22.35556],[-105.10215,22.35366],[-105.09629,22.35281],[-105.09364,22.35085],[-105.0911,22.34973],[-105.08711,22.34826],[-105.08277,22.34861],[-105.07727,22.34992],[-105.07354,22.354],[-105.06732,22.35388],[-105.06088,22.35429],[-105.05564,22.35651],[-105.05296,22.35875],[-105.04903,22.35899],[-105.04327,22.35936],[-105.04112,22.35989]]]}},{"type":"Feature","properties":{"CVEGEO":"18011","CVE_ENT":"18","CVE_MUN":"011","NOMGEO":"Ru\u00edz"},"geometry":{"type":"Polygon","coordinates":[[[-104.94107,22.15148],[-104.84629,22.13097],[-104.82303,22.05713],[-104.8207,22.02862],[-104.79995,22.01554],[-104.80179,22.01432],[-104.80659,22.00918],[-104.80786,22.00849],[-104.80822,22.00742],[-104.80923,22.00725],[-104.81066,22.00633],[-104.81124,22.00522],[-104.81181,22.00519],[-104.81307,22.0053],[-104.8128,22.00466],[-104.81158,22.00436],[-104.80997,22.00298],[-104.80825,22.00271],[-104.80726,22.00273],[-104.80652,22.00185],[-104.80531,22.00163],[-104.80371,22.00138],[-104.80263,22.00099],[-104.80136,22.00027],[-104.80081,22.00014],[-104.80085,22.00098],[-104.80145,22.00153],[-104.79953,22.00304],[-104.79834,22.00214],[-104.79719,22.00176],[-104.7958,22.0017],[-104.79519,22.00071],[-104.79445,22.00055],[-104.79359,22.00067],[-104.79217,21.99793],[-104.83283,21.97967],[-104.83642,21.97609],[-104.83751,21.96985],[-104.83719,21.96424],[-104.84177,21.95804],[-104.84539,21.95333],[-104.84992,21.95115],[-104.8527,21.9466],[-104.85653,21.94186],[-104.86014,21.9397],[-104.86158,21.93787],[-104.86601,21.9381],[-104.86827,21.93886],[-104.86989,21.93873],[-104.87235,21.93723],[-104.87288,21.9381],[-104.87493,21.93783],[-104.87622,21.93838],[-104.90227,21.90221],[-104.89068,21.89691],[-104.8967,21.89181],[-104.89951,21.89116],[-104.90086,21.88859],[-104.90274,21.88639],[-104.90591,21.89025],[-104.91513,21.89199],[-104.91904,21.89172],[-104.92044,21.89389],[-104.92261,21.89364],[-104.92404,21.89181],[-104.9253,21.88743],[-104.92568,21.88647],[-104.92827,21.8823],[-104.93045,21.88278],[-104.93076,21.886],[-104.93078,21.88682],[-104.93101,21.88757],[-104.93158,21.88839],[-104.93238,21.88874],[-104.93253,21.88939],[-104.93269,21.88964],[-104.93314,21.88989],[-104.93387,21.89068],[-104.93413,21.89075],[-104.93437,21.89094],[-104.93477,21.89104],[-104.93501,21.89111],[-104.93558,21.89199],[-104.93557,21.89272],[-104.93561,21.89296],[-104.93612,21.8942],[-104.93707,21.89399],[-104.93841,21.89386],[-104.93944,21.89275],[-104.94122,21.89152],[-104.94279,21.89055],[-104.9441,21.8914],[-104.94889,21.8881],[-104.96406,21.88813],[-104.9701,21.88848],[-104.97231,21.88902],[-104.97415,21.88911],[-105.00345,21.89478],[-105.02815,21.89881],[-105.02825,21.90695],[-105.04131,21.90585],[-105.05743,21.9045],[-105.06068,21.89785],[-105.05907,21.8917],[-105.05845,21.88935],[-105.05764,21.88416],[-105.06113,21.88257],[-105.06953,21.88495],[-105.07947,21.88809],[-105.08686,21.88976],[-105.09609,21.89241],[-105.09674,21.88866],[-105.09765,21.88162],[-105.09875,21.87312],[-105.10432,21.87199],[-105.1134,21.87216],[-105.11795,21.87217],[-105.11986,21.8722],[-105.12993,21.87234],[-105.13403,21.87237],[-105.14031,21.87235],[-105.14809,21.87812],[-105.15773,21.87896],[-105.15766,21.88353],[-105.15899,21.8842],[-105.16436,21.89712],[-105.16634,21.90182],[-105.16681,21.90247],[-105.16769,21.90349],[-105.16804,21.90394],[-105.16818,21.90409],[-105.17193,21.90476],[-105.18986,21.90284],[-105.19454,21.89792],[-105.20132,21.88932],[-105.20193,21.89219],[-105.20943,21.94387],[-105.20927,21.94487],[-105.21089,21.94583],[-105.21156,21.94623],[-105.21302,21.9476],[-105.21342,21.94796],[-105.21476,21.94881],[-105.21743,21.94936],[-105.22032,21.94931],[-105.221,21.94927],[-105.22126,21.94926],[-105.22618,21.94829],[-105.23252,21.94963],[-105.23137,21.95117],[-105.22951,21.95263],[-105.2283,21.9537],[-105.22791,21.95401],[-105.22762,21.95425],[-105.2273,21.95451],[-105.22714,21.95465],[-105.22668,21.95502],[-105.2263,21.95533],[-105.22595,21.95562],[-105.22458,21.95674],[-105.22265,21.95706],[-105.22241,21.95705],[-105.22165,21.95702],[-105.22141,21.957],[-105.21578,21.95653],[-105.20702,21.95564],[-105.20305,21.95523],[-105.19712,21.95462],[-105.18538,21.95341],[-105.18068,21.95803],[-105.17967,21.95904],[-105.17769,21.96233],[-105.17248,21.965],[-105.16706,21.96718],[-105.16496,21.96653],[-105.16589,21.96562],[-105.16524,21.96482],[-105.16169,21.96419],[-105.15914,21.96525],[-105.15858,21.96599],[-105.15701,21.96831],[-105.15447,21.96902],[-105.15353,21.96877],[-105.15267,21.96826],[-105.15142,21.96635],[-105.15095,21.96601],[-105.14959,21.96528],[-105.14847,21.96492],[-105.14819,21.96403],[-105.14728,21.96387],[-105.14661,21.96381],[-105.14606,21.96392],[-105.14557,21.96427],[-105.14509,21.96514],[-105.14409,21.96702],[-105.14261,21.96763],[-105.13872,21.96845],[-105.13639,21.9706],[-105.13358,21.97628],[-105.13025,21.97724],[-105.12833,21.97709],[-105.12616,21.97602],[-105.11777,21.96934],[-105.11716,21.9669],[-105.118,21.96571],[-105.1188,21.9646],[-105.11999,21.96308],[-105.11872,21.96059],[-105.11959,21.9596],[-105.11979,21.95933],[-105.11987,21.95878],[-105.12023,21.95852],[-105.12147,21.95844],[-105.12237,21.95842],[-105.12289,21.958],[-105.12268,21.95544],[-105.12362,21.95515],[-105.12394,21.95513],[-105.12395,21.95513],[-105.12416,21.95365],[-105.12419,21.95346],[-105.1242,21.95347],[-105.12447,21.95352],[-105.12551,21.9537],[-105.12541,21.95165],[-105.12571,21.9518],[-105.1259,21.95127],[-105.12621,21.95036],[-105.12737,21.94859],[-105.13055,21.94648],[-105.13092,21.94587],[-105.13189,21.94515],[-105.12039,21.94298],[-105.11891,21.94308],[-105.11738,21.94303],[-105.11105,21.9426],[-105.1108,21.9425],[-105.11048,21.94239],[-105.10999,21.94221],[-105.10825,21.94105],[-105.10124,21.94103],[-105.09344,21.94097],[-105.0864,21.94097],[-105.08675,21.94457],[-105.08476,21.94566],[-105.08387,21.94819],[-105.07599,21.95215],[-105.07368,21.95286],[-105.07117,21.95354],[-105.06575,21.958],[-105.06577,21.96034],[-105.06448,21.96369],[-105.06482,21.97204],[-105.06237,21.97313],[-105.05727,21.97098],[-105.05445,21.96659],[-105.05125,21.96056],[-105.0503,21.95491],[-105.0496,21.94888],[-105.04762,21.94589],[-105.04155,21.94132],[-105.03336,21.94345],[-105.02425,21.94684],[-105.01398,21.947],[-105.00942,21.9471],[-105.00636,21.94739],[-104.99802,21.94796],[-104.99669,21.94787],[-104.99411,21.94732],[-104.9913,21.94777],[-104.98824,21.94959],[-104.97963,21.95049],[-104.97605,21.94955],[-104.97249,21.95238],[-104.96893,21.95888],[-104.96334,21.96154],[-104.96203,21.96554],[-104.96259,21.96773],[-104.96151,21.96975],[-104.95939,21.97797],[-104.95683,21.98394],[-104.95607,21.98491],[-104.95509,21.98628],[-104.95338,21.98603],[-104.94921,21.99031],[-104.94997,21.99646],[-104.95385,21.99943],[-104.95784,22.00144],[-104.96017,22.00269],[-104.96607,22.00687],[-104.96796,22.00996],[-104.96921,22.01287],[-104.96803,22.01479],[-104.96547,22.01558],[-104.95953,22.01322],[-104.95502,22.01423],[-104.95227,22.0182],[-104.95423,22.02266],[-104.95413,22.02746],[-104.95004,22.02897],[-104.94017,22.02994],[-104.93783,22.03347],[-104.93838,22.0351],[-104.9386,22.04081],[-104.93474,22.04138],[-104.93322,22.04198],[-104.93002,22.04474],[-104.9287,22.05005],[-104.93136,22.05827],[-104.93725,22.0628],[-104.94234,22.06344],[-104.94593,22.065],[-104.94806,22.07021],[-104.94567,22.07694],[-104.94836,22.08023],[-104.95121,22.0828],[-104.95133,22.08814],[-104.94867,22.09208],[-104.94652,22.09458],[-104.94548,22.09787],[-104.9439,22.1004],[-104.9456,22.10671],[-104.94853,22.11012],[-104.9505,22.11367],[-104.95309,22.11722],[-104.9551,22.12238],[-104.95549,22.12693],[-104.96102,22.13644],[-104.96606,22.1421],[-104.96519,22.14579],[-104.96272,22.14789],[-104.96172,22.15099],[-104.96008,22.15289],[-104.961,22.15639],[-104.96417,22.15711],[-104.96696,22.15509],[-104.9671,22.15209],[-104.96916,22.14948],[-104.97197,22.15063],[-104.9745,22.15472],[-104.97374,22.15779],[-104.94107,22.15148]]]}},{"type":"Feature","properties":{"CVEGEO":"18017","CVE_ENT":"18","CVE_MUN":"017","NOMGEO":"Tepic"},"geometry":{"type":"Polygon","coordinates":[[[-104.75722,21.85451],[-104.73997,21.84541],[-104.71988,21.83988],[-104.71596,21.83562],[-104.71768,21.82661],[-104.71286,21.81753],[-104.71046,21.81115],[-104.69934,21.80616],[-104.69635,21.80131],[-104.69505,21.7886],[-104.6919,21.78474],[-104.68588,21.77866],[-104.68001,21.77349],[-104.67979,21.76548],[-104.67443,21.75974],[-104.66982,21.76083],[-104.66176,21.75361],[-104.66771,21.7393],[-104.66372,21.72966],[-104.64851,21.71564],[-104.63952,21.71145],[-104.64877,21.70161],[-104.63628,21.68781],[-104.62289,21.66022],[-104.61234,21.64427],[-104.59973,21.62276],[-104.60137,21.61247],[-104.59947,21.60541],[-104.60258,21.60204],[-104.61555,21.59252],[-104.61857,21.58846],[-104.62911,21.59044],[-104.63071,21.59077],[-104.63761,21.59203],[-104.64532,21.58727],[-104.64822,21.58794],[-104.65322,21.59017],[-104.65814,21.5877],[-104.66043,21.58756],[-104.66151,21.58744],[-104.65491,21.5845],[-104.65616,21.5803],[-104.65722,21.57672],[-104.65812,21.57368],[-104.66389,21.55052],[-104.66441,21.54761],[-104.65902,21.54003],[-104.64378,21.52568],[-104.64018,21.52225],[-104.62832,21.50973],[-104.64057,21.50398],[-104.64702,21.50381],[-104.64977,21.50367],[-104.65684,21.50322],[-104.65963,21.50289],[-104.66542,21.50222],[-104.6734,21.50123],[-104.67427,21.49671],[-104.67432,21.49634],[-104.67479,21.49398],[-104.67524,21.49109],[-104.67644,21.48442],[-104.67771,21.48299],[-104.69108,21.47363],[-104.70006,21.46734],[-104.70432,21.46434],[-104.70582,21.46328],[-104.7094,21.4608],[-104.71319,21.45784],[-104.70474,21.43074],[-104.70201,21.42979],[-104.69924,21.42844],[-104.6894,21.42389],[-104.70232,21.4147],[-104.70347,21.40621],[-104.70549,21.39885],[-104.70753,21.39697],[-104.70769,21.39701],[-104.71198,21.39786],[-104.71623,21.39996],[-104.71744,21.40364],[-104.72019,21.40975],[-104.73593,21.41488],[-104.73868,21.40695],[-104.74,21.40492],[-104.74224,21.40584],[-104.74693,21.40612],[-104.75082,21.40543],[-104.75216,21.40434],[-104.7523,21.40407],[-104.75463,21.4014],[-104.7566,21.40095],[-104.7602,21.39924],[-104.76148,21.39965],[-104.76245,21.39701],[-104.76347,21.39576],[-104.7731,21.39611],[-104.78033,21.39858],[-104.79459,21.40717],[-104.8093,21.41599],[-104.81037,21.44426],[-104.81441,21.44301],[-104.81587,21.4446],[-104.81647,21.44474],[-104.81759,21.44501],[-104.81783,21.44508],[-104.81957,21.44532],[-104.82369,21.44691],[-104.82456,21.44724],[-104.82457,21.44847],[-104.82263,21.44986],[-104.82059,21.45131],[-104.81865,21.4527],[-104.81989,21.45368],[-104.82432,21.45719],[-104.83416,21.46526],[-104.8387,21.46707],[-104.84092,21.46785],[-104.84101,21.46768],[-104.83957,21.46571],[-104.83717,21.46429],[-104.83632,21.46372],[-104.83743,21.46187],[-104.83647,21.46101],[-104.83894,21.46069],[-104.84208,21.46274],[-104.84623,21.46174],[-104.84715,21.4626],[-104.8493,21.46465],[-104.85088,21.46615],[-104.85131,21.46682],[-104.85138,21.46707],[-104.85275,21.46738],[-104.85547,21.46675],[-104.8592,21.46589],[-104.86081,21.46551],[-104.8615,21.46481],[-104.85929,21.46201],[-104.86386,21.46014],[-104.86395,21.4601],[-104.86406,21.45947],[-104.86444,21.45913],[-104.86634,21.45856],[-104.86971,21.46286],[-104.87437,21.46398],[-104.88165,21.46676],[-104.88881,21.47107],[-104.88905,21.47114],[-104.89019,21.46969],[-104.89236,21.46696],[-104.89781,21.46908],[-104.90574,21.47215],[-104.93414,21.47154],[-104.95452,21.47085],[-104.9753,21.47719],[-104.99282,21.48968],[-105.01635,21.49648],[-105.01909,21.49324],[-105.02224,21.48954],[-105.02938,21.49109],[-105.0376,21.49378],[-105.04258,21.49679],[-105.05399,21.50458],[-105.0639,21.53248],[-105.0635,21.53427],[-105.06287,21.53794],[-105.06263,21.53984],[-105.06204,21.54189],[-105.05787,21.54541],[-105.05427,21.54815],[-105.04929,21.55198],[-105.0475,21.55611],[-105.05773,21.56929],[-105.05678,21.57335],[-105.05454,21.58425],[-105.05889,21.58982],[-105.06659,21.60291],[-105.0735,21.61231],[-105.08257,21.62543],[-105.08266,21.63209],[-105.08279,21.63901],[-105.08286,21.64552],[-105.08056,21.65061],[-105.07943,21.6522],[-105.07805,21.65411],[-105.07559,21.65748],[-105.07067,21.66422],[-105.07764,21.67],[-105.07661,21.6741],[-105.07715,21.67398],[-105.07967,21.67589],[-105.08615,21.67515],[-105.09049,21.67562],[-105.09363,21.67669],[-105.09954,21.67663],[-105.10456,21.67649],[-105.11061,21.67619],[-105.11268,21.69089],[-105.1137,21.69889],[-105.11365,21.7042],[-105.11076,21.70361],[-105.1089,21.70486],[-105.10727,21.70297],[-105.10458,21.70359],[-105.10069,21.70388],[-105.09596,21.70391],[-105.09144,21.70419],[-105.08909,21.71321],[-105.0955,21.71371],[-105.10301,21.71458],[-105.10706,21.7183],[-105.11532,21.72579],[-105.11893,21.72902],[-105.12124,21.73111],[-105.12261,21.7329],[-105.12172,21.73387],[-105.12166,21.73557],[-105.12184,21.73677],[-105.12242,21.73734],[-105.12304,21.73795],[-105.12393,21.73888],[-105.12419,21.73965],[-105.11893,21.74239],[-105.11161,21.74205],[-105.11144,21.74015],[-105.11012,21.73708],[-105.10382,21.73709],[-105.09936,21.73783],[-105.09768,21.73818],[-105.09487,21.73878],[-105.09621,21.74231],[-105.09691,21.7442],[-105.09306,21.74343],[-105.09208,21.74296],[-105.08819,21.74235],[-105.08634,21.73956],[-105.0844,21.73641],[-105.08113,21.73805],[-105.07786,21.7397],[-105.07614,21.7409],[-105.07689,21.74216],[-105.07941,21.74751],[-105.07032,21.74763],[-105.06724,21.74758],[-105.06459,21.74747],[-105.05836,21.74737],[-105.05394,21.74729],[-105.05293,21.74724],[-105.0503,21.74666],[-105.04762,21.74619],[-105.04048,21.74393],[-105.04028,21.74158],[-105.03778,21.73687],[-105.03456,21.73295],[-105.03325,21.73062],[-105.03234,21.72693],[-105.02936,21.72343],[-105.02665,21.72175],[-105.02223,21.72018],[-105.01601,21.71899],[-105.01097,21.71846],[-105.00781,21.71805],[-105.00001,21.71725],[-104.99603,21.7167],[-104.9914,21.71771],[-104.98498,21.72047],[-104.97928,21.72327],[-104.97176,21.72659],[-104.96528,21.7295],[-104.95846,21.72747],[-104.93846,21.74132],[-104.93335,21.74438],[-104.9301,21.74786],[-104.92925,21.74975],[-104.92988,21.75221],[-104.93104,21.7514],[-104.93149,21.75166],[-104.93199,21.75164],[-104.93237,21.75291],[-104.93234,21.75356],[-104.93194,21.75475],[-104.93221,21.75535],[-104.93151,21.75577],[-104.93041,21.75602],[-104.93021,21.75633],[-104.92883,21.75838],[-104.92712,21.76467],[-104.92918,21.76833],[-104.92967,21.77129],[-104.92924,21.77421],[-104.92585,21.77594],[-104.92357,21.78388],[-104.92144,21.79228],[-104.91618,21.7935],[-104.9106,21.7904],[-104.90514,21.78358],[-104.89966,21.77993],[-104.89651,21.78017],[-104.88882,21.78096],[-104.87207,21.77704],[-104.86428,21.77306],[-104.85736,21.77859],[-104.84349,21.78514],[-104.84312,21.79061],[-104.84509,21.79205],[-104.85134,21.80368],[-104.84533,21.8113],[-104.83788,21.81366],[-104.83267,21.82141],[-104.83102,21.82476],[-104.82788,21.82771],[-104.82284,21.82746],[-104.82065,21.82778],[-104.81642,21.83245],[-104.80964,21.83659],[-104.80822,21.83767],[-104.79082,21.84005],[-104.77009,21.84295],[-104.7649,21.8455],[-104.7591,21.85461],[-104.75722,21.85451]]]}},{"type":"Feature","properties":{"CVEGEO":"18018","CVE_ENT":"18","CVE_MUN":"018","NOMGEO":"Tuxpan"},"geometry":{"type":"Polygon","coordinates":[[[-105.57085,22.13255],[-105.5646,22.11804],[-105.54773,22.10261],[-105.51954,22.08765],[-105.51107,22.0879],[-105.49851,22.08161],[-105.48834,22.07882],[-105.48214,22.05927],[-105.42818,21.99393],[-105.4251,21.99884],[-105.42377,22.00093],[-105.42024,22.00656],[-105.41862,22.00804],[-105.41538,22.00387],[-105.41263,21.99988],[-105.40345,21.99733],[-105.39791,21.99725],[-105.39506,21.99772],[-105.39427,21.99849],[-105.39272,21.99912],[-105.39132,21.99929],[-105.38969,21.99901],[-105.38562,21.99871],[-105.38372,21.99848],[-105.3816,21.99773],[-105.37627,21.99765],[-105.3681,22.00045],[-105.36047,22.00076],[-105.35689,22.00186],[-105.35123,22.00311],[-105.34894,22.00235],[-105.34468,21.99925],[-105.34326,21.9961],[-105.34306,21.99553],[-105.34234,21.99295],[-105.34158,21.98888],[-105.34175,21.98643],[-105.34129,21.98475],[-105.34002,21.98802],[-105.3361,21.98774],[-105.32953,21.98427],[-105.32442,21.98158],[-105.31843,21.97839],[-105.31497,21.97659],[-105.30974,21.97339],[-105.30465,21.96904],[-105.29842,21.96372],[-105.29882,21.95688],[-105.29869,21.9562],[-105.29892,21.95483],[-105.29903,21.95387],[-105.3001,21.95345],[-105.30062,21.95396],[-105.30082,21.95421],[-105.30129,21.95438],[-105.30187,21.95448],[-105.30266,21.95466],[-105.30345,21.95497],[-105.30471,21.95296],[-105.30424,21.95236],[-105.30461,21.95172],[-105.30473,21.95128],[-105.30459,21.95128],[-105.30439,21.95126],[-105.30406,21.95123],[-105.30391,21.95122],[-105.30367,21.95118],[-105.30359,21.95117],[-105.30346,21.95113],[-105.30336,21.95108],[-105.30321,21.95096],[-105.30316,21.95084],[-105.30304,21.95067],[-105.30292,21.95065],[-105.30271,21.95065],[-105.30253,21.95059],[-105.30242,21.9505],[-105.30236,21.9504],[-105.30226,21.95019],[-105.30221,21.95007],[-105.30215,21.94994],[-105.30204,21.9497],[-105.30196,21.94958],[-105.30186,21.94947],[-105.30166,21.9493],[-105.3014,21.94915],[-105.30129,21.94913],[-105.30113,21.9491],[-105.30102,21.94908],[-105.30085,21.94905],[-105.30072,21.94903],[-105.30042,21.94895],[-105.30018,21.94886],[-105.29998,21.9487],[-105.29975,21.94854],[-105.29957,21.94838],[-105.29933,21.94816],[-105.29908,21.94794],[-105.29886,21.94772],[-105.29867,21.94756],[-105.29845,21.94732],[-105.2982,21.94711],[-105.29795,21.94691],[-105.2978,21.94673],[-105.29763,21.94649],[-105.29752,21.94623],[-105.29726,21.94603],[-105.29705,21.9459],[-105.29679,21.94571],[-105.29652,21.94552],[-105.29629,21.94529],[-105.29611,21.94502],[-105.29585,21.94483],[-105.29559,21.94462],[-105.29531,21.94445],[-105.29504,21.94426],[-105.29473,21.94414],[-105.29442,21.944],[-105.29413,21.94385],[-105.29384,21.94368],[-105.29353,21.94356],[-105.2932,21.94348],[-105.29287,21.9434],[-105.29255,21.94331],[-105.29217,21.94323],[-105.29198,21.94319],[-105.29179,21.94316],[-105.29151,21.9431],[-105.29133,21.94305],[-105.29109,21.94298],[-105.29082,21.94289],[-105.29064,21.94281],[-105.2905,21.94279],[-105.29034,21.94267],[-105.29021,21.9426],[-105.29008,21.94253],[-105.2899,21.94248],[-105.28964,21.94243],[-105.28944,21.94246],[-105.28933,21.94255],[-105.289,21.94273],[-105.28881,21.94275],[-105.28872,21.94277],[-105.28838,21.94276],[-105.28828,21.94276],[-105.28814,21.94273],[-105.28797,21.94271],[-105.28783,21.94268],[-105.28771,21.94265],[-105.28743,21.9426],[-105.28729,21.94257],[-105.28712,21.94252],[-105.287,21.94249],[-105.28687,21.94245],[-105.2866,21.94245],[-105.28646,21.94252],[-105.28638,21.94256],[-105.28623,21.94262],[-105.28613,21.94268],[-105.28615,21.94297],[-105.28623,21.94319],[-105.28622,21.94348],[-105.28594,21.94356],[-105.28573,21.94355],[-105.28551,21.94355],[-105.28529,21.94356],[-105.2852,21.94357],[-105.28497,21.94366],[-105.2847,21.94376],[-105.28448,21.94385],[-105.28421,21.94395],[-105.28392,21.94411],[-105.2837,21.94422],[-105.28345,21.94435],[-105.28323,21.94444],[-105.28305,21.9445],[-105.28276,21.94448],[-105.28249,21.94437],[-105.28231,21.94432],[-105.28212,21.94429],[-105.28188,21.94433],[-105.28154,21.9445],[-105.28138,21.94466],[-105.2812,21.94488],[-105.28108,21.94497],[-105.28071,21.94503],[-105.28043,21.9451],[-105.28006,21.94519],[-105.27978,21.94528],[-105.27941,21.94538],[-105.27918,21.94543],[-105.27891,21.94553],[-105.27868,21.94559],[-105.27829,21.94563],[-105.27796,21.94568],[-105.27748,21.94571],[-105.277,21.94561],[-105.27643,21.94558],[-105.2759,21.94564],[-105.27571,21.94569],[-105.27542,21.94572],[-105.27515,21.94579],[-105.27481,21.94584],[-105.27433,21.94591],[-105.27404,21.94595],[-105.27348,21.94605],[-105.273,21.94615],[-105.27272,21.94619],[-105.27243,21.94626],[-105.27195,21.94631],[-105.27068,21.94651],[-105.26634,21.94534],[-105.26326,21.94361],[-105.26094,21.94293],[-105.25866,21.94611],[-105.25651,21.95569],[-105.25595,21.96601],[-105.25268,21.96867],[-105.24803,21.96998],[-105.24486,21.97007],[-105.24096,21.96818],[-105.2386,21.96342],[-105.23581,21.95706],[-105.23333,21.9503],[-105.22528,21.94818],[-105.22117,21.94926],[-105.22032,21.94931],[-105.21635,21.94926],[-105.21369,21.9482],[-105.21295,21.94752],[-105.2111,21.94591],[-105.20927,21.94487],[-105.20958,21.94345],[-105.2018,21.89072],[-105.20455,21.8885],[-105.20484,21.88388],[-105.20948,21.87684],[-105.22636,21.87364],[-105.22719,21.87435],[-105.22902,21.87791],[-105.23175,21.88177],[-105.23345,21.88581],[-105.2354,21.88183],[-105.23983,21.8817],[-105.24192,21.88163],[-105.2494,21.8814],[-105.25846,21.88113],[-105.26276,21.88098],[-105.26637,21.88087],[-105.26902,21.88078],[-105.27181,21.88071],[-105.27875,21.88159],[-105.2821,21.88202],[-105.28602,21.8825],[-105.29215,21.88325],[-105.2976,21.88346],[-105.29991,21.88136],[-105.31039,21.87189],[-105.31573,21.86702],[-105.31971,21.86256],[-105.32875,21.85893],[-105.33503,21.85664],[-105.34222,21.85415],[-105.35197,21.85076],[-105.35554,21.85402],[-105.35693,21.86686],[-105.35812,21.87911],[-105.35923,21.88882],[-105.35953,21.89225],[-105.36036,21.89977],[-105.36083,21.90437],[-105.36135,21.90906],[-105.36176,21.91253],[-105.36231,21.91742],[-105.3628,21.92165],[-105.36299,21.92338],[-105.36365,21.92937],[-105.36399,21.93231],[-105.36444,21.93652],[-105.36489,21.94051],[-105.3703,21.93855],[-105.376,21.93647],[-105.37949,21.93518],[-105.38451,21.9331],[-105.39275,21.92671],[-105.39267,21.92453],[-105.3958,21.92523],[-105.39855,21.92481],[-105.40206,21.92281],[-105.40057,21.91766],[-105.39872,21.91392],[-105.39588,21.90949],[-105.3945,21.90369],[-105.39649,21.90079],[-105.40983,21.90893],[-105.46437,21.95264],[-105.52248,22.02517],[-105.58888,22.13449],[-105.58136,22.13404],[-105.57818,22.1254],[-105.57517,22.13107],[-105.57699,22.1335],[-105.57085,22.13255]]]}},{"type":"Feature","properties":{"CVEGEO":"18019","CVE_ENT":"18","CVE_MUN":"019","NOMGEO":"La Yesca"},"geometry":{"type":"Polygon","coordinates":[[[-104.29311,22.00274],[-104.28105,21.99913],[-104.2762,21.98695],[-104.26901,21.97778],[-104.25647,21.97169],[-104.23968,21.9696],[-104.22626,21.9736],[-104.20914,21.98324],[-104.19474,21.98582],[-104.18723,21.98118],[-104.17426,21.96819],[-104.17403,21.96483],[-104.17488,21.96104],[-104.17558,21.95807],[-104.17671,21.95468],[-104.17708,21.95162],[-104.17812,21.94687],[-104.17881,21.94107],[-104.17958,21.93794],[-104.18482,21.93332],[-104.18728,21.92896],[-104.18837,21.92425],[-104.1888,21.919],[-104.19422,21.91393],[-104.20014,21.90961],[-104.19948,21.90562],[-104.20111,21.89918],[-104.20065,21.89299],[-104.19869,21.889],[-104.19786,21.88458],[-104.19671,21.88099],[-104.18918,21.8744],[-104.18377,21.86716],[-104.17346,21.8718],[-104.17959,21.86009],[-104.1854,21.85688],[-104.19332,21.85318],[-104.19496,21.85041],[-104.18917,21.84871],[-104.18836,21.84274],[-104.18719,21.83788],[-104.18266,21.83707],[-104.17993,21.83412],[-104.17661,21.83156],[-104.17428,21.82755],[-104.17148,21.82317],[-104.16833,21.82004],[-104.16418,21.81456],[-104.16307,21.81235],[-104.15955,21.81094],[-104.15344,21.80801],[-104.14308,21.80178],[-104.1355,21.79615],[-104.13208,21.79153],[-104.1276,21.79046],[-104.12055,21.79008],[-104.10885,21.78772],[-104.10061,21.79087],[-104.09351,21.79139],[-104.09019,21.7856],[-104.08139,21.78399],[-104.07736,21.78696],[-104.0707,21.79006],[-104.06634,21.79227],[-104.06068,21.79294],[-104.05376,21.79336],[-104.04796,21.79274],[-104.04068,21.79061],[-104.03395,21.79074],[-104.02554,21.78786],[-104.01708,21.78507],[-104.01161,21.78278],[-104.00379,21.78259],[-103.99967,21.78192],[-103.99505,21.77952],[-103.98852,21.77891],[-103.98477,21.77388],[-103.98028,21.77312],[-103.97759,21.77132],[-103.97469,21.77122],[-103.96759,21.77161],[-103.95877,21.77201],[-103.95327,21.77434],[-103.94951,21.77537],[-103.94179,21.77575],[-103.93561,21.77538],[-103.92586,21.77282],[-103.91905,21.7633],[-103.91739,21.75723],[-103.92421,21.75105],[-103.93314,21.74955],[-103.93211,21.74674],[-103.93141,21.7431],[-103.92772,21.73699],[-103.92246,21.73475],[-103.91842,21.73151],[-103.90919,21.72215],[-103.90397,21.71825],[-103.89949,21.72543],[-103.89624,21.71677],[-103.89116,21.7049],[-103.89032,21.69539],[-103.89862,21.68741],[-103.90683,21.68083],[-103.9145,21.67007],[-103.92825,21.64919],[-103.92427,21.63903],[-103.91037,21.62723],[-103.90764,21.61783],[-103.91449,21.61601],[-103.91595,21.6179],[-103.91908,21.6138],[-103.91414,21.60571],[-103.91852,21.59728],[-103.9217,21.5929],[-103.91947,21.58502],[-103.91363,21.57917],[-103.90382,21.57737],[-103.90002,21.575],[-103.89567,21.57529],[-103.89248,21.57375],[-103.89108,21.57236],[-103.89055,21.56915],[-103.89165,21.56731],[-103.89237,21.56555],[-103.89098,21.56259],[-103.88783,21.55767],[-103.88678,21.55541],[-103.88103,21.55306],[-103.87256,21.54909],[-103.86199,21.54991],[-103.85621,21.55048],[-103.85473,21.54431],[-103.85428,21.54229],[-103.85489,21.54065],[-103.85517,21.53567],[-103.8566,21.53181],[-103.85992,21.52475],[-103.85483,21.51948],[-103.85178,21.51579],[-103.84239,21.51346],[-103.83661,21.51266],[-103.82843,21.50616],[-103.82791,21.49775],[-103.8127,21.49413],[-103.80056,21.48804],[-103.79791,21.48947],[-103.79409,21.48958],[-103.79206,21.49029],[-103.79146,21.49218],[-103.79134,21.49606],[-103.78992,21.4968],[-103.78663,21.49734],[-103.78364,21.4973],[-103.77959,21.49978],[-103.77431,21.4984],[-103.77836,21.49396],[-103.77249,21.48923],[-103.76945,21.48355],[-103.75092,21.47631],[-103.74978,21.46862],[-103.75132,21.46446],[-103.74783,21.4594],[-103.74547,21.45484],[-103.74448,21.45025],[-103.7429,21.44634],[-103.73896,21.44114],[-103.73324,21.43671],[-103.72823,21.43491],[-103.72206,21.42784],[-103.72506,21.42118],[-103.73095,21.41612],[-103.74912,21.41767],[-103.75561,21.41202],[-103.76317,21.41012],[-103.75957,21.39944],[-103.76619,21.39299],[-103.75685,21.38395],[-103.7444,21.37743],[-103.74396,21.36913],[-103.7472,21.35851],[-103.74446,21.35197],[-103.7481,21.34548],[-103.75171,21.34087],[-103.74954,21.33813],[-103.75321,21.33589],[-103.75567,21.33661],[-103.75676,21.3312],[-103.76097,21.32846],[-103.76601,21.32682],[-103.7679,21.32342],[-103.77283,21.32042],[-103.77614,21.32158],[-103.77676,21.31706],[-103.77765,21.31324],[-103.78281,21.3078],[-103.78859,21.30554],[-103.79444,21.30395],[-103.80008,21.30254],[-103.80259,21.30046],[-103.80582,21.29585],[-103.80616,21.29146],[-103.81268,21.28672],[-103.81467,21.28712],[-103.82018,21.27711],[-103.82393,21.27308],[-103.82114,21.26647],[-103.81749,21.25714],[-103.82328,21.24688],[-103.84324,21.24003],[-103.86189,21.24887],[-103.87525,21.23864],[-103.87848,21.23992],[-103.88594,21.24029],[-103.89064,21.23875],[-103.89973,21.22705],[-103.91233,21.23152],[-103.91908,21.23346],[-103.91846,21.24296],[-103.91975,21.24729],[-103.92243,21.25176],[-103.93039,21.26194],[-103.9344,21.25716],[-103.92658,21.24032],[-103.93885,21.23836],[-103.94985,21.24308],[-103.95674,21.25121],[-103.9631,21.25382],[-103.97413,21.2551],[-103.98604,21.24767],[-104.0017,21.23772],[-104.01493,21.22732],[-104.01645,21.21923],[-104.01575,21.20848],[-104.02244,21.2074],[-104.02941,21.20866],[-104.02705,21.19568],[-104.03796,21.20413],[-104.04518,21.1992],[-104.05407,21.20515],[-104.05687,21.19392],[-104.06059,21.19737],[-104.06585,21.19953],[-104.06939,21.19497],[-104.06624,21.18937],[-104.06978,21.18715],[-104.07357,21.19039],[-104.08114,21.19674],[-104.09013,21.19555],[-104.10561,21.19788],[-104.12326,21.19595],[-104.13691,21.18878],[-104.1526,21.18857],[-104.17715,21.18816],[-104.19637,21.19355],[-104.2134,21.18057],[-104.2191,21.17826],[-104.22317,21.18642],[-104.23554,21.19138],[-104.23638,21.20192],[-104.24224,21.21473],[-104.25171,21.22834],[-104.26488,21.23376],[-104.27873,21.2424],[-104.31864,21.26122],[-104.34424,21.26627],[-104.35029,21.28003],[-104.34952,21.29377],[-104.35878,21.3176],[-104.37494,21.33248],[-104.38319,21.35061],[-104.40233,21.35253],[-104.40802,21.35884],[-104.42131,21.36204],[-104.43006,21.38198],[-104.42144,21.41272],[-104.43081,21.41718],[-104.44222,21.42731],[-104.45743,21.42294],[-104.46175,21.42475],[-104.46958,21.42523],[-104.46905,21.43148],[-104.47195,21.44115],[-104.47209,21.45065],[-104.47281,21.465],[-104.46118,21.52963],[-104.43993,21.62631],[-104.45264,21.66088],[-104.43857,21.68946],[-104.43882,21.69295],[-104.43843,21.70161],[-104.43654,21.70643],[-104.43536,21.71101],[-104.43214,21.71775],[-104.43186,21.72427],[-104.43279,21.72827],[-104.43716,21.73276],[-104.4427,21.73689],[-104.43613,21.74044],[-104.43574,21.74335],[-104.43312,21.74717],[-104.39501,21.94135],[-104.35555,21.97248],[-104.33951,21.97823],[-104.32726,21.97538],[-104.31972,21.98426],[-104.3049,21.99266],[-104.29311,22.00274]]]}},{"type":"Feature","properties":{"CVEGEO":"18004","CVE_ENT":"18","CVE_MUN":"004","NOMGEO":"Compostela"},"geometry":{"type":"Polygon","coordinates":[[[-105.27418,21.04993],[-105.27401,21.04988],[-105.27387,21.04988],[-105.27377,21.04992],[-105.27364,21.04995],[-105.27355,21.04997],[-105.27353,21.04996],[-105.27339,21.04995],[-105.27299,21.04985],[-105.27249,21.04979],[-105.27203,21.04967],[-105.27171,21.04954],[-105.27151,21.04938],[-105.27134,21.04925],[-105.27123,21.04902],[-105.27111,21.04885],[-105.27107,21.04878],[-105.27099,21.04853],[-105.27092,21.04818],[-105.27086,21.04808],[-105.27077,21.04791],[-105.27098,21.04789],[-105.27101,21.04789],[-105.27114,21.04763],[-105.27118,21.04754],[-105.27132,21.0473],[-105.27138,21.04718],[-105.27162,21.04692],[-105.27176,21.04677],[-105.27179,21.04674],[-105.27179,21.04667],[-105.27178,21.04646],[-105.27183,21.04638],[-105.272,21.04636],[-105.27224,21.04633],[-105.27236,21.0464],[-105.27258,21.04647],[-105.27282,21.04646],[-105.27311,21.04644],[-105.27335,21.04649],[-105.27354,21.04649],[-105.27387,21.04656],[-105.27413,21.04668],[-105.27428,21.04685],[-105.27443,21.047],[-105.27458,21.04715],[-105.27474,21.0473],[-105.27486,21.04759],[-105.27488,21.04798],[-105.27479,21.04824],[-105.2748,21.04849],[-105.2748,21.04878],[-105.2749,21.04908],[-105.27511,21.04912],[-105.27515,21.04913],[-105.2752,21.04915],[-105.27526,21.04918],[-105.27537,21.04924],[-105.27541,21.04926],[-105.27542,21.04931],[-105.27545,21.04938],[-105.2753,21.04947],[-105.27515,21.04955],[-105.27507,21.04961],[-105.275,21.04966],[-105.27498,21.04974],[-105.27496,21.04983],[-105.27478,21.04993],[-105.27448,21.05003],[-105.27432,21.04999],[-105.27418,21.04993]],[[-105.20707,21.37072],[-105.20291,21.37035],[-105.19876,21.37028],[-105.19323,21.37057],[-105.19036,21.36779],[-105.19204,21.36243],[-105.19972,21.36142],[-105.20112,21.35908],[-105.20155,21.35704],[-105.20462,21.35409],[-105.2129,21.34676],[-105.20175,21.34212],[-105.18643,21.34729],[-105.14097,21.35157],[-105.12467,21.33848],[-105.10146,21.32293],[-105.07718,21.33195],[-105.05246,21.33649],[-105.04867,21.33988],[-105.04565,21.34201],[-105.04126,21.34093],[-105.02185,21.33991],[-104.99654,21.33754],[-104.9908,21.32896],[-104.97921,21.3239],[-104.97994,21.32022],[-104.97813,21.3176],[-104.97455,21.31853],[-104.97196,21.31536],[-104.96943,21.31503],[-104.96787,21.31386],[-104.96167,21.30759],[-104.9565,21.30514],[-104.95422,21.30505],[-104.94928,21.30608],[-104.94586,21.30911],[-104.94338,21.30883],[-104.94148,21.30883],[-104.94013,21.30416],[-104.93601,21.30616],[-104.93695,21.30471],[-104.93728,21.30196],[-104.93252,21.30178],[-104.91973,21.3042],[-104.91406,21.30458],[-104.9104,21.30549],[-104.90917,21.30907],[-104.90446,21.31014],[-104.90723,21.31134],[-104.90929,21.31223],[-104.90426,21.31377],[-104.8985,21.3123],[-104.88749,21.31166],[-104.87984,21.31754],[-104.88041,21.32465],[-104.87342,21.32983],[-104.86981,21.33255],[-104.87016,21.33556],[-104.85527,21.33572],[-104.82611,21.33269],[-104.82148,21.33352],[-104.82033,21.32596],[-104.81244,21.32501],[-104.80765,21.3258],[-104.80491,21.31418],[-104.82384,21.2428],[-104.81921,21.23815],[-104.82231,21.23189],[-104.82743,21.23497],[-104.83513,21.2293],[-104.84278,21.2248],[-104.8553,21.22638],[-104.86125,21.22802],[-104.86848,21.22936],[-104.87818,21.22999],[-104.87699,21.22658],[-104.87179,21.22168],[-104.86236,21.21979],[-104.85369,21.21854],[-104.85144,21.21964],[-104.84023,21.22094],[-104.83523,21.21865],[-104.83747,21.21247],[-104.83917,21.2044],[-104.82654,21.19405],[-104.81077,21.17507],[-104.81866,21.16744],[-104.82724,21.16894],[-104.84588,21.15929],[-104.8509,21.15721],[-104.85092,21.14691],[-104.85582,21.14362],[-104.85012,21.13848],[-104.84342,21.1375],[-104.84535,21.13406],[-104.84792,21.13245],[-104.84232,21.12935],[-104.84534,21.12511],[-104.84778,21.1214],[-104.84898,21.12156],[-104.84899,21.11929],[-104.84869,21.11548],[-104.84865,21.10957],[-104.84511,21.1041],[-104.84317,21.10102],[-104.84422,21.09483],[-104.84315,21.09038],[-104.83714,21.08669],[-104.83124,21.08683],[-104.82917,21.08057],[-104.82813,21.07628],[-104.82208,21.07157],[-104.81737,21.06695],[-104.81501,21.06404],[-104.81025,21.05828],[-104.8065,21.0532],[-104.79873,21.04323],[-104.78945,21.03161],[-104.79763,21.02069],[-104.80304,21.01654],[-104.80654,21.01422],[-104.81375,21.01422],[-104.82102,21.01482],[-104.82867,21.01776],[-104.83323,21.01526],[-104.83608,21.0197],[-104.83802,21.01704],[-104.8388,21.01364],[-104.84086,21.00808],[-104.8447,21.00629],[-104.85125,21.00531],[-104.85306,21.00303],[-104.85285,20.99886],[-104.85882,20.99397],[-104.86335,20.99595],[-104.86901,20.99071],[-104.87363,20.98227],[-104.87888,20.98135],[-104.88112,20.97644],[-104.88253,20.97438],[-104.8863,20.97322],[-104.89091,20.97105],[-104.89996,20.96351],[-104.90172,20.95554],[-104.90053,20.94634],[-104.90616,20.94276],[-104.91423,20.94339],[-104.92834,20.93952],[-104.93484,20.93471],[-104.94292,20.93296],[-104.94766,20.93102],[-104.95721,20.92604],[-104.96396,20.91866],[-104.96691,20.90979],[-105.07081,20.97026],[-105.35508,20.95982],[-105.35394,20.96343],[-105.35201,20.96746],[-105.35068,20.97032],[-105.34961,20.97171],[-105.34829,20.97377],[-105.34592,20.97765],[-105.3452,20.97909],[-105.34329,20.97933],[-105.33925,20.98004],[-105.33924,20.98095],[-105.33957,20.98062],[-105.33975,20.98059],[-105.33892,20.981],[-105.33748,20.98114],[-105.33459,20.98409],[-105.33366,20.98421],[-105.32927,20.99012],[-105.32753,20.99371],[-105.32685,20.99656],[-105.32591,20.99721],[-105.32425,20.99901],[-105.32255,21.0002],[-105.32003,21.00349],[-105.31834,21.00678],[-105.31717,21.01065],[-105.3156,21.01689],[-105.31457,21.02318],[-105.31396,21.02799],[-105.31407,21.03312],[-105.31376,21.03477],[-105.31122,21.03617],[-105.30839,21.03676],[-105.30628,21.03651],[-105.30407,21.03535],[-105.30314,21.03494],[-105.30296,21.03344],[-105.29997,21.03267],[-105.29785,21.03007],[-105.29729,21.02765],[-105.29608,21.02668],[-105.29466,21.02576],[-105.29369,21.02582],[-105.29295,21.02555],[-105.29214,21.02512],[-105.28688,21.02596],[-105.28262,21.02831],[-105.28099,21.02796],[-105.27977,21.02726],[-105.27886,21.02725],[-105.27753,21.02739],[-105.27787,21.02659],[-105.27839,21.02526],[-105.27764,21.0241],[-105.27352,21.02341],[-105.26793,21.02692],[-105.26512,21.0299],[-105.25946,21.0357],[-105.25722,21.03818],[-105.25673,21.03839],[-105.25559,21.03844],[-105.25208,21.04103],[-105.24915,21.04377],[-105.24604,21.04688],[-105.24548,21.04759],[-105.24483,21.0479],[-105.2432,21.04925],[-105.24242,21.05092],[-105.23971,21.05518],[-105.23731,21.06012],[-105.23549,21.06504],[-105.23372,21.07057],[-105.23237,21.07606],[-105.23111,21.08127],[-105.22974,21.08903],[-105.22908,21.09438],[-105.22891,21.09908],[-105.2288,21.10419],[-105.22953,21.11397],[-105.23113,21.11903],[-105.23204,21.11978],[-105.23371,21.12094],[-105.23567,21.1212],[-105.23695,21.12149],[-105.23773,21.1217],[-105.23785,21.12438],[-105.23816,21.12611],[-105.23873,21.12909],[-105.23649,21.13428],[-105.23397,21.13723],[-105.23285,21.13815],[-105.23148,21.13869],[-105.2328,21.13962],[-105.23428,21.1405],[-105.23546,21.14014],[-105.23606,21.14054],[-105.23489,21.14302],[-105.23538,21.14433],[-105.23472,21.1457],[-105.23274,21.14581],[-105.23166,21.14934],[-105.22952,21.15002],[-105.22744,21.15189],[-105.22435,21.15722],[-105.22459,21.1626],[-105.22718,21.165],[-105.22827,21.16477],[-105.23109,21.16411],[-105.23208,21.16674],[-105.2324,21.16775],[-105.23174,21.17023],[-105.2319,21.17073],[-105.23221,21.17129],[-105.2306,21.17067],[-105.22908,21.17066],[-105.22878,21.17301],[-105.23032,21.17496],[-105.23285,21.17728],[-105.23327,21.17998],[-105.23144,21.18396],[-105.23099,21.18668],[-105.22777,21.18771],[-105.22534,21.19214],[-105.22434,21.19397],[-105.22391,21.19637],[-105.21999,21.19935],[-105.21745,21.20064],[-105.21676,21.20893],[-105.21762,21.21704],[-105.21793,21.22149],[-105.21834,21.22852],[-105.21875,21.23501],[-105.21972,21.24436],[-105.22155,21.2559],[-105.22256,21.26144],[-105.2239,21.26892],[-105.22513,21.27704],[-105.22603,21.28297],[-105.22739,21.28986],[-105.22921,21.29849],[-105.23069,21.30457],[-105.23255,21.3116],[-105.23381,21.31584],[-105.23604,21.32279],[-105.23783,21.32751],[-105.2399,21.33305],[-105.24167,21.3375],[-105.24434,21.34385],[-105.24467,21.3467],[-105.24658,21.34705],[-105.24819,21.34729],[-105.2462,21.34864],[-105.24514,21.35022],[-105.24325,21.35305],[-105.24162,21.35164],[-105.23938,21.35426],[-105.23878,21.35723],[-105.23879,21.35791],[-105.23895,21.36178],[-105.22528,21.36817],[-105.21704,21.37251],[-105.20999,21.37232],[-105.20707,21.37072]]]}},{"type":"Feature","properties":{"CVEGEO":"18013","CVE_ENT":"18","CVE_MUN":"013","NOMGEO":"San Pedro Lagunillas"},"geometry":{"type":"Polygon","coordinates":[[[-104.75855,21.32799],[-104.75472,21.32501],[-104.75207,21.32301],[-104.75193,21.32269],[-104.75085,21.32157],[-104.75204,21.32067],[-104.75329,21.31942],[-104.75191,21.31814],[-104.75204,21.31584],[-104.75086,21.31487],[-104.75264,21.31367],[-104.75304,21.31069],[-104.75221,21.31001],[-104.75425,21.30809],[-104.75332,21.30753],[-104.75254,21.30676],[-104.75265,21.3047],[-104.75175,21.30315],[-104.75017,21.30214],[-104.75061,21.30138],[-104.75112,21.30017],[-104.75073,21.29886],[-104.7474,21.29692],[-104.7455,21.29665],[-104.74278,21.294],[-104.74102,21.29366],[-104.73898,21.29092],[-104.73725,21.28855],[-104.73523,21.28565],[-104.73435,21.2838],[-104.73304,21.27984],[-104.72054,21.26264],[-104.71882,21.2709],[-104.71147,21.27639],[-104.70793,21.27882],[-104.699,21.28272],[-104.69593,21.2831],[-104.69295,21.28251],[-104.68849,21.28198],[-104.68496,21.28151],[-104.68407,21.28142],[-104.68256,21.28143],[-104.68229,21.28139],[-104.68186,21.28136],[-104.6813,21.28121],[-104.68119,21.28116],[-104.68098,21.28139],[-104.68019,21.28156],[-104.67397,21.27672],[-104.6762,21.27084],[-104.68108,21.26377],[-104.68868,21.25316],[-104.69621,21.24597],[-104.68145,21.22132],[-104.67299,21.21725],[-104.66727,21.21055],[-104.66648,21.20932],[-104.66189,21.20779],[-104.65811,21.20314],[-104.65285,21.1999],[-104.65241,21.1974],[-104.64992,21.19147],[-104.64699,21.18884],[-104.6451,21.18616],[-104.64524,21.1843],[-104.64476,21.18355],[-104.64459,21.18329],[-104.64439,21.18298],[-104.64403,21.18284],[-104.64255,21.18345],[-104.64223,21.18051],[-104.64214,21.18002],[-104.63819,21.17667],[-104.64118,21.17606],[-104.64566,21.17192],[-104.64804,21.16983],[-104.64946,21.16844],[-104.64471,21.17002],[-104.63779,21.1743],[-104.63495,21.17508],[-104.63466,21.17391],[-104.63398,21.17297],[-104.63285,21.1715],[-104.63181,21.17078],[-104.63163,21.16971],[-104.63155,21.16881],[-104.63093,21.16856],[-104.63046,21.16841],[-104.63013,21.16741],[-104.63007,21.16696],[-104.62908,21.16679],[-104.62891,21.16664],[-104.62853,21.16601],[-104.62818,21.16514],[-104.62827,21.16483],[-104.62853,21.16405],[-104.62881,21.16321],[-104.62843,21.16275],[-104.62754,21.16183],[-104.62791,21.1614],[-104.62809,21.16083],[-104.62816,21.15957],[-104.62848,21.15884],[-104.62848,21.15785],[-104.62848,21.15657],[-104.628,21.15551],[-104.62662,21.15412],[-104.6265,21.15379],[-104.62718,21.15281],[-104.62733,21.15155],[-104.62601,21.14995],[-104.62497,21.14932],[-104.62444,21.14807],[-104.62263,21.14641],[-104.62162,21.14645],[-104.62083,21.14593],[-104.61959,21.14413],[-104.62086,21.1413],[-104.62128,21.13845],[-104.6217,21.1363],[-104.62305,21.13327],[-104.62476,21.13114],[-104.62638,21.12949],[-104.62756,21.12976],[-104.62844,21.13159],[-104.63024,21.13127],[-104.63132,21.13145],[-104.63229,21.13025],[-104.63391,21.12751],[-104.63716,21.12724],[-104.64014,21.12984],[-104.64156,21.13107],[-104.64603,21.13131],[-104.65223,21.12903],[-104.65883,21.12449],[-104.6623,21.12204],[-104.66561,21.11976],[-104.66369,21.11906],[-104.66216,21.11902],[-104.66046,21.11778],[-104.65942,21.11678],[-104.65607,21.11579],[-104.6538,21.11396],[-104.65082,21.11213],[-104.65573,21.1068],[-104.65868,21.10384],[-104.66218,21.1013],[-104.66102,21.09873],[-104.66339,21.09349],[-104.66318,21.08949],[-104.6625,21.08664],[-104.65848,21.08495],[-104.6633,21.08047],[-104.66738,21.07796],[-104.67147,21.07692],[-104.67244,21.07497],[-104.67411,21.07421],[-104.67947,21.07068],[-104.68464,21.06775],[-104.68635,21.06344],[-104.68855,21.06004],[-104.69314,21.05895],[-104.69565,21.0565],[-104.69784,21.05152],[-104.69857,21.05026],[-104.6953,21.04735],[-104.69981,21.04267],[-104.70175,21.0408],[-104.70412,21.04078],[-104.70676,21.0387],[-104.71296,21.03684],[-104.71346,21.03519],[-104.71998,21.03106],[-104.72091,21.02707],[-104.71757,21.02342],[-104.72005,21.0179],[-104.72506,21.01599],[-104.72717,21.01338],[-104.73166,21.01226],[-104.73202,21.01034],[-104.73496,21.00781],[-104.73924,21.00614],[-104.74287,21.00631],[-104.74504,21.00811],[-104.74786,21.00867],[-104.75066,21.01013],[-104.75535,21.01237],[-104.76052,21.01175],[-104.76197,21.00914],[-104.76458,21.00959],[-104.76693,21.01062],[-104.77171,21.0086],[-104.77373,21.01195],[-104.77584,21.01765],[-104.77821,21.01892],[-104.78063,21.02194],[-104.78356,21.02237],[-104.78361,21.02024],[-104.78822,21.01627],[-104.79178,21.01494],[-104.79439,21.01455],[-104.79677,21.01738],[-104.79676,21.0218],[-104.79125,21.02844],[-104.79142,21.03168],[-104.79395,21.03742],[-104.80032,21.04355],[-104.80535,21.05029],[-104.80671,21.0536],[-104.81001,21.0554],[-104.81119,21.06113],[-104.81199,21.06368],[-104.81565,21.06408],[-104.81803,21.06532],[-104.81748,21.0669],[-104.82234,21.06942],[-104.82358,21.07103],[-104.82351,21.074],[-104.82873,21.07704],[-104.8314,21.07888],[-104.82917,21.08057],[-104.82762,21.08419],[-104.83124,21.08683],[-104.83291,21.08451],[-104.8382,21.08643],[-104.84046,21.0871],[-104.8434,21.09067],[-104.84382,21.09364],[-104.84446,21.09493],[-104.84459,21.09616],[-104.84336,21.10117],[-104.84445,21.10274],[-104.84511,21.1041],[-104.84683,21.10915],[-104.84855,21.10966],[-104.84812,21.11246],[-104.84914,21.1157],[-104.84791,21.11727],[-104.84899,21.11929],[-104.84899,21.12177],[-104.84897,21.12155],[-104.84839,21.12114],[-104.84775,21.12157],[-104.84611,21.12266],[-104.84502,21.12589],[-104.84297,21.12745],[-104.84282,21.12964],[-104.84825,21.13216],[-104.84787,21.13247],[-104.84678,21.13295],[-104.84524,21.13411],[-104.84367,21.13466],[-104.8433,21.13857],[-104.8461,21.14062],[-104.85012,21.13848],[-104.85599,21.14129],[-104.85539,21.14417],[-104.85277,21.14524],[-104.85089,21.14726],[-104.8559,21.15425],[-104.84992,21.15772],[-104.84739,21.15907],[-104.84565,21.15909],[-104.83351,21.16769],[-104.82682,21.1689],[-104.82026,21.16779],[-104.81776,21.16726],[-104.80812,21.17066],[-104.81077,21.17508],[-104.81128,21.17553],[-104.82868,21.19594],[-104.83646,21.20243],[-104.83915,21.20458],[-104.8387,21.20931],[-104.83775,21.21285],[-104.83676,21.2154],[-104.83597,21.21892],[-104.83768,21.22013],[-104.84023,21.22094],[-104.84431,21.22054],[-104.85153,21.21946],[-104.85262,21.21913],[-104.8538,21.21852],[-104.86032,21.22003],[-104.86474,21.21949],[-104.86734,21.22039],[-104.87259,21.22104],[-104.87571,21.22354],[-104.87707,21.22688],[-104.87834,21.22864],[-104.87817,21.22999],[-104.87396,21.23112],[-104.86796,21.22927],[-104.86514,21.22875],[-104.85743,21.22736],[-104.85496,21.22681],[-104.85529,21.22637],[-104.85474,21.22613],[-104.84035,21.22432],[-104.83594,21.22344],[-104.83512,21.22933],[-104.82917,21.22941],[-104.82742,21.23497],[-104.82511,21.23368],[-104.82231,21.2319],[-104.81919,21.23685],[-104.82131,21.23924],[-104.82434,21.2425],[-104.82384,21.24281],[-104.81269,21.27105],[-104.80392,21.31911],[-104.80253,21.32606],[-104.79632,21.32186],[-104.79208,21.32271],[-104.77782,21.31888],[-104.77118,21.32205],[-104.76813,21.32245],[-104.76073,21.32677],[-104.75855,21.32799]]]}},{"type":"Feature","properties":{"CVEGEO":"18008","CVE_ENT":"18","CVE_MUN":"008","NOMGEO":"Xalisco"},"geometry":{"type":"Polygon","coordinates":[[[-105.01635,21.49648],[-104.99282,21.48968],[-104.9902,21.48777],[-104.95814,21.47022],[-104.95285,21.47113],[-104.93269,21.47155],[-104.90574,21.47215],[-104.89843,21.46932],[-104.89405,21.46762],[-104.89235,21.46696],[-104.88934,21.47077],[-104.88905,21.47114],[-104.88891,21.47114],[-104.88465,21.46815],[-104.88137,21.46666],[-104.87424,21.46394],[-104.86971,21.46286],[-104.86733,21.46142],[-104.86607,21.45864],[-104.8643,21.45917],[-104.86399,21.45947],[-104.86395,21.4601],[-104.86386,21.46014],[-104.86129,21.46119],[-104.85944,21.4622],[-104.86177,21.46515],[-104.86081,21.46551],[-104.85926,21.46587],[-104.85703,21.46639],[-104.85467,21.46694],[-104.85151,21.46767],[-104.85138,21.46707],[-104.85134,21.46686],[-104.85098,21.46624],[-104.84993,21.46524],[-104.84928,21.46463],[-104.84715,21.4626],[-104.84629,21.46179],[-104.84403,21.46227],[-104.84136,21.46231],[-104.83861,21.46039],[-104.83647,21.46101],[-104.8362,21.46112],[-104.8372,21.46227],[-104.83643,21.46386],[-104.83742,21.46445],[-104.83957,21.46571],[-104.84117,21.4674],[-104.84096,21.46779],[-104.84091,21.46787],[-104.83827,21.46691],[-104.83416,21.46526],[-104.82489,21.45764],[-104.8209,21.45448],[-104.81911,21.45306],[-104.81869,21.45267],[-104.82059,21.45131],[-104.82215,21.4502],[-104.82423,21.44871],[-104.82565,21.4477],[-104.82447,21.44722],[-104.82369,21.44691],[-104.82176,21.44593],[-104.81842,21.44518],[-104.81781,21.44508],[-104.81727,21.44493],[-104.81647,21.44474],[-104.81597,21.44462],[-104.81567,21.44455],[-104.81323,21.4424],[-104.80954,21.44525],[-104.8093,21.41599],[-104.80271,21.41206],[-104.78535,21.4016],[-104.77691,21.39651],[-104.7723,21.39603],[-104.76385,21.3951],[-104.76179,21.39493],[-104.75853,21.39305],[-104.75901,21.38977],[-104.75922,21.38697],[-104.75933,21.38492],[-104.75956,21.38254],[-104.75985,21.3802],[-104.76002,21.37866],[-104.76549,21.37733],[-104.77336,21.37811],[-104.77593,21.37841],[-104.77962,21.37245],[-104.80447,21.33303],[-104.8031,21.33172],[-104.80148,21.33093],[-104.80096,21.32997],[-104.80065,21.32893],[-104.79907,21.32843],[-104.79832,21.32813],[-104.79774,21.32694],[-104.79784,21.32655],[-104.79807,21.3262],[-104.79778,21.32576],[-104.79717,21.32484],[-104.79718,21.32388],[-104.79727,21.32318],[-104.79695,21.32274],[-104.7967,21.32214],[-104.80247,21.32637],[-104.80765,21.3258],[-104.80906,21.3259],[-104.81126,21.32607],[-104.81244,21.32501],[-104.81351,21.32304],[-104.81923,21.32482],[-104.82033,21.32596],[-104.82087,21.32671],[-104.82093,21.33052],[-104.82148,21.33352],[-104.82302,21.33367],[-104.82559,21.3324],[-104.82611,21.33269],[-104.82733,21.33538],[-104.84809,21.33346],[-104.85527,21.33572],[-104.86749,21.33646],[-104.86958,21.33596],[-104.87016,21.33556],[-104.87024,21.33404],[-104.86987,21.3335],[-104.86981,21.33255],[-104.87027,21.33233],[-104.87187,21.33197],[-104.87342,21.32983],[-104.87743,21.32798],[-104.87693,21.32646],[-104.88041,21.32465],[-104.87986,21.32316],[-104.87768,21.31928],[-104.87984,21.31754],[-104.88151,21.31634],[-104.88505,21.31226],[-104.88749,21.31166],[-104.88819,21.31149],[-104.88897,21.31132],[-104.8985,21.3123],[-104.90081,21.31293],[-104.90288,21.31353],[-104.90426,21.31377],[-104.90636,21.313],[-104.90756,21.31271],[-104.90929,21.31223],[-104.90848,21.31187],[-104.90834,21.31182],[-104.90723,21.31134],[-104.90665,21.31109],[-104.90471,21.31025],[-104.90446,21.31014],[-104.90462,21.31008],[-104.90771,21.30924],[-104.90917,21.30907],[-104.90958,21.30751],[-104.90826,21.30531],[-104.9104,21.30549],[-104.91147,21.30289],[-104.91389,21.30571],[-104.91406,21.30458],[-104.9147,21.30413],[-104.91727,21.30528],[-104.91973,21.3042],[-104.92964,21.30442],[-104.93117,21.30264],[-104.93252,21.30178],[-104.93313,21.30174],[-104.93491,21.30216],[-104.93728,21.30196],[-104.93781,21.30224],[-104.9378,21.30385],[-104.93695,21.30471],[-104.93643,21.30448],[-104.93555,21.30513],[-104.93601,21.30616],[-104.93734,21.30657],[-104.93861,21.30519],[-104.94013,21.30416],[-104.94238,21.3069],[-104.94164,21.30822],[-104.94148,21.30883],[-104.94172,21.30898],[-104.9423,21.30878],[-104.94338,21.30883],[-104.94381,21.30887],[-104.94455,21.30907],[-104.94586,21.30911],[-104.94768,21.30776],[-104.94787,21.3063],[-104.94928,21.30608],[-104.95086,21.3059],[-104.9529,21.30507],[-104.95422,21.30505],[-104.95467,21.30937],[-104.95602,21.30682],[-104.9565,21.30514],[-104.95808,21.30516],[-104.95997,21.30578],[-104.96167,21.30759],[-104.96184,21.31017],[-104.96596,21.31359],[-104.96787,21.31386],[-104.96815,21.31443],[-104.96869,21.31499],[-104.96943,21.31503],[-104.97006,21.31498],[-104.97143,21.31504],[-104.97196,21.31536],[-104.97201,21.31647],[-104.97235,21.31801],[-104.97455,21.31853],[-104.97542,21.31802],[-104.97616,21.31781],[-104.97813,21.3176],[-104.97902,21.31711],[-104.98169,21.31884],[-104.97994,21.32022],[-104.97777,21.32156],[-104.97793,21.32332],[-104.97921,21.3239],[-104.98588,21.32465],[-104.98924,21.32555],[-104.9908,21.32896],[-104.99139,21.33078],[-104.99529,21.33613],[-104.99654,21.33754],[-105.00075,21.33521],[-105.00895,21.33438],[-105.02185,21.33991],[-105.03469,21.34867],[-105.0348,21.34879],[-105.04126,21.34093],[-105.04349,21.34109],[-105.04437,21.34175],[-105.04565,21.34201],[-105.04841,21.34201],[-105.04868,21.34092],[-105.04867,21.33988],[-105.04976,21.33884],[-105.05194,21.33741],[-105.05246,21.33649],[-105.05232,21.3359],[-105.05695,21.32689],[-105.07718,21.33195],[-105.0832,21.32774],[-105.09632,21.31839],[-105.10146,21.32293],[-105.11147,21.32439],[-105.11903,21.33289],[-105.12467,21.33848],[-105.1278,21.34113],[-105.13499,21.3469],[-105.14097,21.35157],[-105.14971,21.36216],[-105.14982,21.36578],[-105.15094,21.37112],[-105.15305,21.37575],[-105.14228,21.37758],[-105.14157,21.37998],[-105.13893,21.38879],[-105.12752,21.39265],[-105.12309,21.39193],[-105.12108,21.39161],[-105.11776,21.39107],[-105.11643,21.39085],[-105.11299,21.3903],[-105.10663,21.39522],[-105.10101,21.4013],[-105.09725,21.40571],[-105.09629,21.41394],[-105.09573,21.41863],[-105.09538,21.42075],[-105.09451,21.42608],[-105.09382,21.43027],[-105.09315,21.43678],[-105.09597,21.43866],[-105.09312,21.44147],[-105.09313,21.44302],[-105.09249,21.4473],[-105.09205,21.44784],[-105.09056,21.44816],[-105.08946,21.44835],[-105.08888,21.44845],[-105.08843,21.44884],[-105.08805,21.45011],[-105.08842,21.45081],[-105.08845,21.4512],[-105.08687,21.45189],[-105.08582,21.4522],[-105.08508,21.4523],[-105.08464,21.45276],[-105.08409,21.45329],[-105.08339,21.4538],[-105.08241,21.4539],[-105.08054,21.45335],[-105.0797,21.45311],[-105.07774,21.45342],[-105.07662,21.45423],[-105.07528,21.45457],[-105.07469,21.45436],[-105.07372,21.45521],[-105.07313,21.45519],[-105.07266,21.45487],[-105.07209,21.45462],[-105.0715,21.4547],[-105.07079,21.45477],[-105.06931,21.45598],[-105.06683,21.4554],[-105.06574,21.4562],[-105.0642,21.45679],[-105.06028,21.45798],[-105.05892,21.45913],[-105.05872,21.45915],[-105.0586,21.45885],[-105.05845,21.45856],[-105.05674,21.45816],[-105.0546,21.4585],[-105.05339,21.45836],[-105.0531,21.45834],[-105.05232,21.45794],[-105.0343,21.46784],[-105.03321,21.47661],[-105.02656,21.48444],[-105.02127,21.49067],[-105.01845,21.494],[-105.01635,21.49648]]]}},{"type":"Feature","properties":{"CVEGEO":"18005","CVE_ENT":"18","CVE_MUN":"005","NOMGEO":"Huajicori"},"geometry":{"type":"Polygon","coordinates":[[[-105.38471,23.08448],[-105.38337,23.08328],[-105.38373,23.08219],[-105.38214,23.08198],[-105.37977,23.08057],[-105.3806,23.07907],[-105.37903,23.07858],[-105.3775,23.07788],[-105.37599,23.07912],[-105.37335,23.07688],[-105.37135,23.07638],[-105.36922,23.07487],[-105.36568,23.07404],[-105.36394,23.07515],[-105.36191,23.07353],[-105.35832,23.07392],[-105.35735,23.0719],[-105.35868,23.07],[-105.35843,23.06874],[-105.35885,23.06735],[-105.35852,23.06628],[-105.35629,23.06537],[-105.35675,23.06507],[-105.35816,23.06378],[-105.35647,23.06272],[-105.35411,23.06207],[-105.35195,23.06177],[-105.35105,23.05766],[-105.35286,23.05529],[-105.35125,23.05285],[-105.35118,23.05071],[-105.35412,23.05015],[-105.35385,23.04872],[-105.35603,23.04705],[-105.35878,23.04626],[-105.35636,23.0444],[-105.35563,23.04295],[-105.35546,23.04144],[-105.35504,23.03966],[-105.3549,23.03827],[-105.35346,23.03757],[-105.35152,23.037],[-105.35116,23.03431],[-105.35161,23.03126],[-105.35332,23.02854],[-105.35295,23.02307],[-105.35386,23.01978],[-105.3519,23.01895],[-105.34972,23.01567],[-105.34505,23.01356],[-105.34373,23.01093],[-105.34325,23.0073],[-105.34059,23.00708],[-105.33865,22.99999],[-105.33689,22.9978],[-105.33546,22.99585],[-105.3337,22.99468],[-105.33585,22.99405],[-105.33897,22.99287],[-105.33581,22.98943],[-105.33615,22.98631],[-105.3396,22.9835],[-105.33976,22.98182],[-105.33761,22.98131],[-105.33657,22.97925],[-105.33896,22.97666],[-105.33843,22.97399],[-105.33683,22.9712],[-105.34059,22.96986],[-105.34305,22.96816],[-105.33936,22.96647],[-105.33703,22.96745],[-105.33677,22.9633],[-105.33238,22.96306],[-105.33096,22.96191],[-105.33351,22.95695],[-105.3338,22.95289],[-105.33153,22.95175],[-105.32917,22.95289],[-105.32843,22.95175],[-105.33013,22.94885],[-105.32901,22.94746],[-105.32833,22.94616],[-105.32837,22.94389],[-105.25409,22.95627],[-105.00328,22.97699],[-105.00822,22.9715],[-105.00596,22.96558],[-105.00415,22.96155],[-105.00053,22.95851],[-104.99828,22.95581],[-104.99689,22.952],[-105.00031,22.94721],[-105.00331,22.94154],[-105.00419,22.93201],[-105.00853,22.92798],[-105.00994,22.92321],[-105.00508,22.91551],[-105.00035,22.90941],[-105.00229,22.90598],[-105.00557,22.90613],[-105.00035,22.9003],[-104.9961,22.89423],[-104.98894,22.89088],[-104.98819,22.88353],[-104.98744,22.87857],[-104.98856,22.87391],[-104.98857,22.85939],[-104.98937,22.85391],[-104.99023,22.85023],[-104.98781,22.84412],[-104.98924,22.83824],[-104.98466,22.83397],[-104.98001,22.82901],[-104.97392,22.82572],[-104.97126,22.82103],[-104.96605,22.81772],[-104.95802,22.81365],[-104.95252,22.82141],[-104.94006,22.81698],[-104.9328,22.82731],[-104.92637,22.82376],[-104.92019,22.82092],[-104.91718,22.81719],[-104.91256,22.81292],[-104.91169,22.81006],[-104.90904,22.80831],[-104.90831,22.80564],[-104.91107,22.80358],[-104.91013,22.80066],[-104.9056,22.79982],[-104.90564,22.79799],[-104.90876,22.79513],[-104.91054,22.79478],[-104.91191,22.79291],[-104.91338,22.79049],[-104.91259,22.78778],[-104.91026,22.78616],[-104.91008,22.78341],[-104.91071,22.78152],[-104.91135,22.77956],[-104.91332,22.77569],[-104.91319,22.77296],[-104.91209,22.77142],[-104.91154,22.76899],[-104.91231,22.76496],[-104.91253,22.76297],[-104.91432,22.76026],[-104.91422,22.75421],[-104.9155,22.75005],[-104.91446,22.74751],[-104.89272,22.73741],[-105.07237,22.6565],[-105.09906,22.58629],[-105.10144,22.58616],[-105.10204,22.58555],[-105.10241,22.58428],[-105.10319,22.58342],[-105.10391,22.58335],[-105.10539,22.58214],[-105.10718,22.58137],[-105.10788,22.57977],[-105.10857,22.57819],[-105.10899,22.57669],[-105.10961,22.57548],[-105.11148,22.57322],[-105.11199,22.57014],[-105.11369,22.56851],[-105.11525,22.56746],[-105.11661,22.56778],[-105.11975,22.5684],[-105.1218,22.56774],[-105.12216,22.5647],[-105.1247,22.56504],[-105.13064,22.56489],[-105.13791,22.56026],[-105.14162,22.56008],[-105.14394,22.56052],[-105.14755,22.56143],[-105.15073,22.56259],[-105.15236,22.564],[-105.15368,22.56186],[-105.15487,22.56036],[-105.15533,22.55892],[-105.15622,22.55781],[-105.15645,22.5563],[-105.15767,22.55589],[-105.15851,22.55471],[-105.1608,22.55389],[-105.16187,22.55156],[-105.16437,22.54967],[-105.16826,22.54786],[-105.17156,22.5461],[-105.1728,22.54403],[-105.1734,22.54113],[-105.17604,22.53905],[-105.17685,22.53822],[-105.1802,22.53884],[-105.18319,22.53894],[-105.18599,22.53852],[-105.18892,22.5388],[-105.19438,22.53841],[-105.19738,22.5381],[-105.19989,22.53839],[-105.20206,22.53782],[-105.20409,22.53804],[-105.20664,22.53978],[-105.20843,22.54377],[-105.2109,22.54447],[-105.21129,22.546],[-105.21299,22.54623],[-105.21403,22.54758],[-105.2147,22.54804],[-105.21444,22.54911],[-105.21595,22.54968],[-105.21747,22.55097],[-105.2195,22.55374],[-105.22125,22.55501],[-105.22414,22.55789],[-105.22546,22.55959],[-105.22696,22.56034],[-105.22816,22.55795],[-105.23045,22.55871],[-105.27307,22.5688],[-105.30793,22.57042],[-105.32465,22.56701],[-105.35288,22.56822],[-105.35539,22.56806],[-105.3584,22.56681],[-105.38329,22.56531],[-105.39482,22.59905],[-105.39715,22.60588],[-105.39852,22.60988],[-105.44797,22.66079],[-105.4526,22.66164],[-105.45394,22.66426],[-105.45474,22.66574],[-105.45995,22.66338],[-105.46043,22.66234],[-105.46396,22.65924],[-105.51526,22.73947],[-105.52393,22.77401],[-105.52469,22.77517],[-105.52268,22.7756],[-105.52127,22.77286],[-105.51991,22.77277],[-105.51924,22.77603],[-105.51792,22.77721],[-105.51651,22.78056],[-105.51868,22.78308],[-105.51858,22.78416],[-105.51656,22.78445],[-105.51479,22.78594],[-105.51462,22.78734],[-105.51393,22.7886],[-105.51159,22.78906],[-105.50932,22.79205],[-105.50868,22.79413],[-105.51024,22.79385],[-105.51131,22.79404],[-105.51118,22.79691],[-105.50772,22.79802],[-105.50638,22.79793],[-105.50521,22.80308],[-105.5062,22.804],[-105.50495,22.80651],[-105.50347,22.80607],[-105.50269,22.80788],[-105.50183,22.81005],[-105.49968,22.81087],[-105.49686,22.81106],[-105.4949,22.81194],[-105.49604,22.81372],[-105.49405,22.81486],[-105.49431,22.81687],[-105.49573,22.81713],[-105.49439,22.81957],[-105.49283,22.82212],[-105.49341,22.82616],[-105.49185,22.82589],[-105.49,22.82452],[-105.48844,22.82504],[-105.48791,22.82567],[-105.4881,22.82787],[-105.48828,22.8298],[-105.48658,22.83145],[-105.48771,22.83095],[-105.48775,22.83263],[-105.48637,22.83455],[-105.48579,22.83561],[-105.48611,22.83746],[-105.48734,22.83847],[-105.48615,22.84002],[-105.48334,22.84147],[-105.4814,22.84218],[-105.47914,22.84318],[-105.47876,22.84541],[-105.4773,22.84725],[-105.47672,22.84906],[-105.47604,22.84988],[-105.47521,22.85022],[-105.47468,22.85114],[-105.47693,22.85331],[-105.47533,22.88062],[-105.49837,22.93363],[-105.41564,23.02374],[-105.40941,23.02466],[-105.40965,23.02555],[-105.4092,23.02664],[-105.41062,23.02721],[-105.41168,23.03036],[-105.41161,23.03331],[-105.41316,23.03705],[-105.41189,23.03791],[-105.4105,23.03872],[-105.41018,23.0399],[-105.41101,23.0421],[-105.40995,23.04367],[-105.41075,23.04613],[-105.41139,23.04693],[-105.41171,23.04953],[-105.41135,23.05173],[-105.41174,23.05241],[-105.41201,23.05404],[-105.41176,23.05627],[-105.41075,23.05873],[-105.41054,23.06045],[-105.41158,23.0614],[-105.4125,23.06295],[-105.41284,23.06521],[-105.4122,23.06781],[-105.41378,23.06895],[-105.39028,23.08337],[-105.38738,23.08179],[-105.38535,23.08179],[-105.38557,23.08377],[-105.38471,23.08448]]]}},{"type":"Feature","properties":{"CVEGEO":"18006","CVE_ENT":"18","CVE_MUN":"006","NOMGEO":"Ixtl\u00e1n del R\u00edo"},"geometry":{"type":"Polygon","coordinates":[[[-104.25515,21.20661],[-104.23414,21.20003],[-104.2345,21.19726],[-104.23513,21.19308],[-104.23585,21.19073],[-104.23277,21.18674],[-104.2283,21.18628],[-104.22272,21.18573],[-104.22116,21.18302],[-104.21873,21.17987],[-104.2191,21.17826],[-104.21941,21.17659],[-104.21867,21.17535],[-104.21763,21.17453],[-104.2185,21.17457],[-104.21871,21.17409],[-104.21831,21.17353],[-104.21805,21.17247],[-104.21983,21.17297],[-104.22032,21.17325],[-104.22051,21.173],[-104.2203,21.17244],[-104.22037,21.17113],[-104.22074,21.17035],[-104.22083,21.16951],[-104.22315,21.16937],[-104.22332,21.1687],[-104.22174,21.16768],[-104.22147,21.16602],[-104.22223,21.16459],[-104.22171,21.16346],[-104.22358,21.1615],[-104.22423,21.16047],[-104.2223,21.15978],[-104.22188,21.1582],[-104.22312,21.15905],[-104.22341,21.15822],[-104.22458,21.15812],[-104.22419,21.15626],[-104.22345,21.15437],[-104.2223,21.15309],[-104.22368,21.15256],[-104.22468,21.15031],[-104.22359,21.14842],[-104.22228,21.14693],[-104.22284,21.14518],[-104.22118,21.14444],[-104.22186,21.143],[-104.22122,21.14068],[-104.21882,21.14047],[-104.21934,21.13875],[-104.21871,21.13772],[-104.21634,21.13769],[-104.21547,21.13916],[-104.21497,21.13719],[-104.21431,21.13582],[-104.21499,21.13429],[-104.21404,21.13365],[-104.21284,21.13397],[-104.21271,21.13296],[-104.21197,21.13194],[-104.21084,21.13138],[-104.21159,21.12968],[-104.21154,21.12845],[-104.21151,21.12671],[-104.21199,21.12475],[-104.21176,21.12217],[-104.21199,21.12086],[-104.21248,21.1195],[-104.21098,21.11893],[-104.21306,21.11802],[-104.21434,21.11697],[-104.21458,21.11651],[-104.21269,21.11539],[-104.21378,21.11396],[-104.21503,21.1131],[-104.21509,21.11101],[-104.21571,21.10935],[-104.2145,21.10815],[-104.21629,21.10645],[-104.2175,21.10489],[-104.21735,21.10435],[-104.21802,21.10308],[-104.2205,21.09653],[-104.21837,21.09182],[-104.21846,21.08966],[-104.21753,21.08291],[-104.21953,21.08033],[-104.22057,21.07558],[-104.22245,21.07247],[-104.22541,21.06796],[-104.23056,21.06681],[-104.23284,21.06736],[-104.23907,21.05695],[-104.23839,21.05227],[-104.23078,21.05103],[-104.22736,21.05085],[-104.22487,21.04968],[-104.2272,21.04638],[-104.22723,21.04524],[-104.22655,21.0443],[-104.22807,21.04295],[-104.23326,21.0412],[-104.2356,21.03782],[-104.23545,21.0325],[-104.24249,21.02676],[-104.24156,21.02317],[-104.23932,21.02186],[-104.23734,21.02156],[-104.23498,21.02017],[-104.22919,21.0153],[-104.22487,21.00517],[-104.22498,20.99612],[-104.2334,20.99819],[-104.23513,20.99554],[-104.23553,20.99421],[-104.23852,20.99171],[-104.23694,20.98944],[-104.23805,20.98407],[-104.23408,20.97105],[-104.20484,20.9599],[-104.20457,20.95355],[-104.20662,20.94611],[-104.20746,20.94016],[-104.2117,20.93801],[-104.21876,20.9407],[-104.23009,20.93198],[-104.2389,20.92495],[-104.24367,20.92282],[-104.24728,20.91963],[-104.24667,20.91439],[-104.24746,20.90868],[-104.25116,20.90298],[-104.25845,20.89483],[-104.26425,20.89026],[-104.26881,20.88728],[-104.27149,20.88735],[-104.28183,20.8872],[-104.29074,20.88789],[-104.2897,20.88628],[-104.28841,20.88534],[-104.28795,20.8831],[-104.28737,20.88226],[-104.28723,20.88007],[-104.28712,20.87922],[-104.28644,20.87872],[-104.28575,20.87662],[-104.28274,20.87063],[-104.27911,20.86452],[-104.28672,20.86403],[-104.29067,20.86031],[-104.29037,20.84979],[-104.29144,20.84847],[-104.29121,20.85179],[-104.29479,20.8547],[-104.29756,20.85803],[-104.2993,20.85902],[-104.30195,20.86056],[-104.30073,20.86177],[-104.30022,20.86274],[-104.30002,20.86322],[-104.29987,20.86403],[-104.30109,20.86763],[-104.30203,20.87005],[-104.30283,20.87372],[-104.30482,20.87573],[-104.30458,20.87754],[-104.30751,20.88131],[-104.3106,20.88421],[-104.31177,20.88865],[-104.31451,20.89024],[-104.31811,20.89363],[-104.32037,20.89505],[-104.32048,20.89723],[-104.32184,20.9008],[-104.32435,20.90281],[-104.32698,20.90782],[-104.329,20.91203],[-104.3298,20.91452],[-104.34574,20.96281],[-104.34932,20.96604],[-104.39124,20.96567],[-104.40546,20.94469],[-104.45325,20.96461],[-104.45145,20.99531],[-104.44894,20.99832],[-104.44584,21.00542],[-104.44554,21.01292],[-104.43781,21.01107],[-104.43617,21.00892],[-104.43208,21.00801],[-104.42693,21.01093],[-104.42112,21.01126],[-104.41543,21.01271],[-104.41016,21.01065],[-104.40906,21.01117],[-104.40824,21.01284],[-104.40743,21.01388],[-104.40693,21.01494],[-104.40606,21.01851],[-104.40652,21.02158],[-104.4064,21.02336],[-104.40633,21.02485],[-104.40768,21.0251],[-104.40989,21.02579],[-104.41191,21.02835],[-104.41553,21.02822],[-104.41851,21.02968],[-104.42035,21.02835],[-104.42147,21.03074],[-104.42241,21.03226],[-104.42204,21.03417],[-104.42463,21.03418],[-104.4314,21.03614],[-104.4351,21.03814],[-104.43607,21.03976],[-104.43651,21.03988],[-104.43646,21.0407],[-104.43597,21.04175],[-104.43502,21.04256],[-104.43371,21.04277],[-104.43172,21.04319],[-104.42941,21.04406],[-104.42739,21.0442],[-104.42448,21.0439],[-104.4222,21.04679],[-104.42417,21.049],[-104.4249,21.05224],[-104.42737,21.05521],[-104.42845,21.05612],[-104.42688,21.05892],[-104.42697,21.06032],[-104.42562,21.0641],[-104.42327,21.06746],[-104.42236,21.06907],[-104.42258,21.07039],[-104.42264,21.07118],[-104.42189,21.07302],[-104.42128,21.07435],[-104.41993,21.07144],[-104.41906,21.06941],[-104.41775,21.06971],[-104.41793,21.06854],[-104.41578,21.06754],[-104.41354,21.06816],[-104.41303,21.06778],[-104.41059,21.0676],[-104.41178,21.06827],[-104.41131,21.06879],[-104.41095,21.06999],[-104.41008,21.07096],[-104.4092,21.0697],[-104.40908,21.06858],[-104.40856,21.06753],[-104.40829,21.06611],[-104.40764,21.066],[-104.40613,21.06581],[-104.40337,21.06559],[-104.3998,21.06576],[-104.39769,21.06615],[-104.39498,21.0666],[-104.39035,21.0633],[-104.38529,21.06495],[-104.38163,21.06576],[-104.37826,21.06397],[-104.37181,21.06305],[-104.34422,21.07237],[-104.34115,21.07032],[-104.33805,21.06856],[-104.33546,21.06727],[-104.3319,21.06545],[-104.32816,21.06954],[-104.31291,21.07415],[-104.30889,21.07128],[-104.30576,21.07362],[-104.3016,21.07684],[-104.29261,21.08472],[-104.29055,21.08538],[-104.29077,21.08958],[-104.29094,21.09177],[-104.29132,21.09313],[-104.29093,21.09452],[-104.28724,21.09796],[-104.29514,21.09927],[-104.29987,21.10579],[-104.30309,21.1089],[-104.3039,21.10947],[-104.30695,21.11228],[-104.31058,21.11899],[-104.30966,21.12475],[-104.32252,21.14275],[-104.33678,21.20479],[-104.32227,21.1932],[-104.3208,21.19489],[-104.31782,21.1973],[-104.31775,21.20049],[-104.31554,21.20125],[-104.30772,21.20279],[-104.30284,21.20144],[-104.29757,21.20001],[-104.29225,21.19601],[-104.29078,21.19507],[-104.29032,21.19647],[-104.2888,21.20393],[-104.26116,21.20687],[-104.25515,21.20661]]]}},{"type":"Feature","properties":{"CVEGEO":"18007","CVE_ENT":"18","CVE_MUN":"007","NOMGEO":"Jala"},"geometry":{"type":"Polygon","coordinates":[[[-104.39943,21.35122],[-104.39739,21.34966],[-104.39312,21.34857],[-104.38793,21.34988],[-104.38291,21.35055],[-104.38037,21.34825],[-104.37916,21.34404],[-104.37854,21.34073],[-104.37818,21.33644],[-104.37534,21.33275],[-104.37041,21.33198],[-104.36627,21.33187],[-104.36283,21.32971],[-104.35983,21.32818],[-104.35849,21.3237],[-104.35831,21.31517],[-104.35687,21.31256],[-104.35319,21.30822],[-104.35167,21.30296],[-104.34916,21.29777],[-104.3494,21.29449],[-104.35049,21.29196],[-104.34934,21.2889],[-104.34963,21.28635],[-104.35066,21.28654],[-104.35216,21.28393],[-104.35024,21.27914],[-104.34947,21.27712],[-104.34987,21.27512],[-104.34966,21.27402],[-104.34667,21.27019],[-104.34467,21.26686],[-104.34312,21.26412],[-104.33848,21.26123],[-104.33731,21.25773],[-104.33467,21.25555],[-104.32218,21.26043],[-104.31583,21.26198],[-104.30712,21.26207],[-104.29444,21.25487],[-104.28854,21.25158],[-104.28528,21.24919],[-104.28012,21.24404],[-104.27689,21.24094],[-104.27513,21.2371],[-104.27462,21.23486],[-104.2704,21.23416],[-104.26839,21.23373],[-104.26478,21.23418],[-104.26385,21.23517],[-104.26195,21.2353],[-104.25978,21.23346],[-104.25764,21.23204],[-104.25222,21.22855],[-104.24983,21.22765],[-104.24644,21.22537],[-104.24476,21.22321],[-104.2427,21.21914],[-104.2428,21.21642],[-104.24216,21.21465],[-104.24151,21.2124],[-104.24231,21.20663],[-104.24025,21.20422],[-104.23925,21.20331],[-104.23868,21.20266],[-104.26116,21.20687],[-104.28794,21.20494],[-104.28984,21.20161],[-104.29006,21.19907],[-104.28997,21.19631],[-104.29069,21.19516],[-104.29119,21.19511],[-104.29225,21.19601],[-104.299,21.20228],[-104.29769,21.20003],[-104.29965,21.1994],[-104.30382,21.20247],[-104.30685,21.20384],[-104.30903,21.20309],[-104.31554,21.20125],[-104.31698,21.20116],[-104.31776,21.20034],[-104.31787,21.19813],[-104.31849,21.19626],[-104.31979,21.19552],[-104.32137,21.19389],[-104.32227,21.1932],[-104.32417,21.19814],[-104.33534,21.17079],[-104.31985,21.15273],[-104.30738,21.12919],[-104.30917,21.1256],[-104.31059,21.12115],[-104.31058,21.11899],[-104.31016,21.11822],[-104.30675,21.11207],[-104.30573,21.11027],[-104.30363,21.10926],[-104.30323,21.10897],[-104.30177,21.10867],[-104.29987,21.10579],[-104.29891,21.10385],[-104.29308,21.09874],[-104.2893,21.09898],[-104.28778,21.09592],[-104.29042,21.09491],[-104.2915,21.09382],[-104.29132,21.09313],[-104.29097,21.09253],[-104.29076,21.09157],[-104.29058,21.09134],[-104.2907,21.08876],[-104.29054,21.08566],[-104.29056,21.08508],[-104.29261,21.08472],[-104.29437,21.08394],[-104.30183,21.07666],[-104.30424,21.07478],[-104.3074,21.07233],[-104.30885,21.0713],[-104.31045,21.07315],[-104.31291,21.07415],[-104.3229,21.07112],[-104.32788,21.06317],[-104.33157,21.06527],[-104.33295,21.06596],[-104.33502,21.06703],[-104.33647,21.06777],[-104.33805,21.06856],[-104.34022,21.06969],[-104.34118,21.07039],[-104.34247,21.07273],[-104.34758,21.0721],[-104.36826,21.06233],[-104.37552,21.06426],[-104.37826,21.06397],[-104.37959,21.06517],[-104.38194,21.06565],[-104.38501,21.06512],[-104.38807,21.06414],[-104.38984,21.06319],[-104.39207,21.06363],[-104.39498,21.0666],[-104.39666,21.06578],[-104.39765,21.06598],[-104.39853,21.06545],[-104.40157,21.06631],[-104.40256,21.06592],[-104.40419,21.06534],[-104.40613,21.06581],[-104.40674,21.06586],[-104.40779,21.06601],[-104.40772,21.06702],[-104.40823,21.06732],[-104.40852,21.06748],[-104.4097,21.06638],[-104.40908,21.06858],[-104.40922,21.06954],[-104.4092,21.0697],[-104.4089,21.07063],[-104.41108,21.07106],[-104.41094,21.0701],[-104.41104,21.06939],[-104.41131,21.06879],[-104.4104,21.06806],[-104.41178,21.06827],[-104.41053,21.06774],[-104.41224,21.06803],[-104.41294,21.06786],[-104.41324,21.06819],[-104.41354,21.06816],[-104.41473,21.06725],[-104.41616,21.06771],[-104.41806,21.06803],[-104.41782,21.069],[-104.41764,21.06973],[-104.41816,21.06965],[-104.41906,21.06941],[-104.41964,21.06967],[-104.42008,21.07196],[-104.42081,21.07429],[-104.4213,21.0743],[-104.42181,21.0732],[-104.42233,21.07208],[-104.42264,21.07118],[-104.42257,21.07053],[-104.42253,21.06972],[-104.4225,21.06927],[-104.42213,21.06895],[-104.42257,21.06826],[-104.42605,21.06496],[-104.42562,21.0641],[-104.42588,21.06107],[-104.42697,21.0603],[-104.42701,21.05952],[-104.42691,21.05884],[-104.42828,21.05642],[-104.42851,21.05569],[-104.43168,21.05396],[-104.4335,21.05465],[-104.43538,21.05581],[-104.43763,21.05832],[-104.43918,21.05832],[-104.44237,21.05785],[-104.44128,21.06192],[-104.44071,21.06401],[-104.44057,21.06456],[-104.44042,21.06511],[-104.43984,21.06724],[-104.43916,21.06978],[-104.43954,21.07085],[-104.4396,21.07121],[-104.43893,21.07312],[-104.43838,21.07376],[-104.43684,21.07476],[-104.43915,21.07606],[-104.44113,21.07718],[-104.44321,21.07567],[-104.44693,21.07833],[-104.44782,21.07791],[-104.44843,21.07673],[-104.44872,21.07633],[-104.44886,21.07231],[-104.4496,21.07192],[-104.45346,21.07286],[-104.45831,21.07145],[-104.45944,21.07282],[-104.45888,21.07999],[-104.45868,21.08255],[-104.46062,21.08714],[-104.46531,21.09526],[-104.4658,21.09567],[-104.46641,21.0966],[-104.46698,21.09714],[-104.46721,21.09997],[-104.4677,21.10208],[-104.46872,21.10387],[-104.47073,21.10697],[-104.47215,21.10723],[-104.47997,21.11043],[-104.48404,21.11147],[-104.50127,21.11939],[-104.52386,21.12923],[-104.49246,21.15668],[-104.49359,21.15755],[-104.50976,21.16484],[-104.52401,21.17175],[-104.53552,21.17759],[-104.53884,21.17825],[-104.54281,21.17888],[-104.55288,21.18366],[-104.55169,21.18573],[-104.55026,21.18711],[-104.55011,21.19401],[-104.54888,21.19576],[-104.54791,21.19775],[-104.54951,21.19891],[-104.5496,21.19904],[-104.55134,21.20094],[-104.55252,21.20223],[-104.55574,21.20404],[-104.56154,21.20887],[-104.56211,21.20982],[-104.56086,21.21142],[-104.55908,21.21126],[-104.55857,21.21188],[-104.55748,21.21298],[-104.55742,21.2146],[-104.55612,21.21387],[-104.55473,21.21385],[-104.55337,21.21095],[-104.54003,21.21185],[-104.53056,21.21439],[-104.52974,21.2138],[-104.52842,21.2138],[-104.52665,21.214],[-104.52518,21.21392],[-104.52404,21.21413],[-104.52322,21.21432],[-104.52218,21.21438],[-104.52073,21.21509],[-104.52022,21.21499],[-104.5201,21.21773],[-104.51964,21.22363],[-104.53356,21.22847],[-104.52749,21.23132],[-104.51392,21.226],[-104.50671,21.22623],[-104.50611,21.22755],[-104.50201,21.22899],[-104.49541,21.22842],[-104.49418,21.22745],[-104.49282,21.22789],[-104.48078,21.23622],[-104.4583,21.25116],[-104.44069,21.26418],[-104.43635,21.26724],[-104.43363,21.26925],[-104.40946,21.28748],[-104.41604,21.29898],[-104.41413,21.2998],[-104.41192,21.30214],[-104.40698,21.30371],[-104.4044,21.3054],[-104.39831,21.30897],[-104.39993,21.31252],[-104.39951,21.31488],[-104.39991,21.31689],[-104.40187,21.31759],[-104.4019,21.32046],[-104.40313,21.32343],[-104.4066,21.32638],[-104.40812,21.32791],[-104.40918,21.32767],[-104.40988,21.32859],[-104.41232,21.33351],[-104.41013,21.33587],[-104.41078,21.33735],[-104.4103,21.34042],[-104.40959,21.34087],[-104.40864,21.34126],[-104.40817,21.34316],[-104.40819,21.34435],[-104.40613,21.34336],[-104.40478,21.34648],[-104.40122,21.34862],[-104.40138,21.34978],[-104.39943,21.35122]]]}},{"type":"Feature","properties":{"CVEGEO":"18014","CVE_ENT":"18","CVE_MUN":"014","NOMGEO":"Santa Mar\u00eda del Oro"},"geometry":{"type":"Polygon","coordinates":[[[-104.59461,21.60707],[-104.58183,21.58939],[-104.5783,21.5862],[-104.56914,21.57548],[-104.57193,21.57008],[-104.57055,21.56085],[-104.57321,21.5528],[-104.57137,21.54233],[-104.56704,21.52958],[-104.56331,21.5215],[-104.55805,21.5223],[-104.55279,21.52225],[-104.54868,21.51789],[-104.54282,21.51941],[-104.53296,21.51889],[-104.52659,21.51048],[-104.52699,21.50348],[-104.53356,21.49754],[-104.54232,21.48688],[-104.54419,21.47872],[-104.54194,21.47261],[-104.54084,21.46605],[-104.53318,21.46124],[-104.52703,21.46046],[-104.52367,21.4624],[-104.51682,21.46129],[-104.51139,21.46388],[-104.50848,21.46925],[-104.5042,21.47248],[-104.50092,21.47786],[-104.49762,21.47907],[-104.49055,21.47777],[-104.48656,21.47832],[-104.48154,21.47867],[-104.47882,21.47613],[-104.47485,21.47267],[-104.4734,21.46902],[-104.47234,21.46384],[-104.47241,21.45888],[-104.472,21.45252],[-104.472,21.44803],[-104.47388,21.44411],[-104.47206,21.44143],[-104.47052,21.43836],[-104.46884,21.43522],[-104.46936,21.43097],[-104.47151,21.42917],[-104.47132,21.42583],[-104.46916,21.42524],[-104.46631,21.42651],[-104.46277,21.42538],[-104.46228,21.42229],[-104.45961,21.42141],[-104.45798,21.42226],[-104.45297,21.42661],[-104.44704,21.42816],[-104.44147,21.42681],[-104.43654,21.42302],[-104.43275,21.41602],[-104.43003,21.41723],[-104.42547,21.41756],[-104.42271,21.41481],[-104.42353,21.40196],[-104.4239,21.39376],[-104.42975,21.3829],[-104.42989,21.37653],[-104.42374,21.36582],[-104.42088,21.36196],[-104.41285,21.36278],[-104.40937,21.36042],[-104.40734,21.35788],[-104.40455,21.35798],[-104.40202,21.35318],[-104.40075,21.35139],[-104.40122,21.34862],[-104.40613,21.34336],[-104.40817,21.34316],[-104.40959,21.34087],[-104.41078,21.33735],[-104.41232,21.33351],[-104.40918,21.32767],[-104.4066,21.32638],[-104.4019,21.32046],[-104.39991,21.31689],[-104.39993,21.31252],[-104.4044,21.3054],[-104.41192,21.30214],[-104.41604,21.29898],[-104.43363,21.26925],[-104.44069,21.26418],[-104.48078,21.23622],[-104.49418,21.22745],[-104.50201,21.22899],[-104.50671,21.22623],[-104.52749,21.23132],[-104.51964,21.22363],[-104.52022,21.21499],[-104.52218,21.21438],[-104.52404,21.21413],[-104.52665,21.214],[-104.52974,21.2138],[-104.54003,21.21185],[-104.55473,21.21385],[-104.55742,21.2146],[-104.55857,21.21188],[-104.56086,21.21142],[-104.56154,21.20887],[-104.55252,21.20223],[-104.5496,21.19904],[-104.54791,21.19775],[-104.55011,21.19401],[-104.55169,21.18573],[-104.54281,21.17888],[-104.53771,21.17671],[-104.53515,21.17263],[-104.5412,21.16793],[-104.54219,21.16612],[-104.59871,21.13734],[-104.59399,21.12778],[-104.58513,21.12672],[-104.58649,21.12204],[-104.58945,21.11567],[-104.58555,21.11222],[-104.58037,21.113],[-104.57682,21.1116],[-104.57844,21.10819],[-104.58062,21.10404],[-104.57726,21.10178],[-104.57293,21.10204],[-104.57353,21.10015],[-104.5773,21.09887],[-104.58024,21.09854],[-104.58309,21.09619],[-104.58496,21.09549],[-104.58618,21.09248],[-104.58548,21.09104],[-104.58377,21.08997],[-104.58391,21.08816],[-104.59047,21.08599],[-104.5928,21.08636],[-104.59152,21.08979],[-104.59046,21.09611],[-104.59296,21.10117],[-104.59665,21.10666],[-104.59842,21.10983],[-104.60028,21.1109],[-104.60043,21.11195],[-104.60087,21.1127],[-104.60085,21.11318],[-104.59977,21.1144],[-104.59824,21.11524],[-104.59711,21.11518],[-104.59454,21.11511],[-104.59318,21.11876],[-104.60093,21.1231],[-104.60355,21.12418],[-104.60977,21.12689],[-104.61099,21.12387],[-104.61189,21.12216],[-104.6158,21.12382],[-104.61725,21.12586],[-104.61737,21.12625],[-104.61742,21.12653],[-104.61717,21.12676],[-104.61671,21.12764],[-104.61617,21.12791],[-104.61431,21.1286],[-104.61424,21.12862],[-104.61363,21.1298],[-104.61356,21.13046],[-104.61386,21.13062],[-104.61501,21.13058],[-104.6152,21.13066],[-104.61571,21.13075],[-104.61668,21.13152],[-104.61728,21.1319],[-104.61653,21.13256],[-104.6118,21.13215],[-104.61178,21.13597],[-104.61251,21.13979],[-104.61365,21.14245],[-104.61515,21.14417],[-104.61476,21.14539],[-104.61514,21.14763],[-104.61645,21.14868],[-104.61946,21.15159],[-104.62123,21.15341],[-104.62135,21.15404],[-104.62167,21.15491],[-104.62315,21.15494],[-104.62397,21.15717],[-104.62498,21.15847],[-104.62507,21.15978],[-104.62474,21.16008],[-104.62465,21.16096],[-104.62396,21.16121],[-104.6229,21.16272],[-104.6229,21.16358],[-104.62297,21.16441],[-104.62288,21.16501],[-104.62332,21.16528],[-104.6237,21.16573],[-104.62471,21.16708],[-104.62489,21.16734],[-104.62535,21.16793],[-104.62649,21.16817],[-104.62711,21.16832],[-104.62864,21.16787],[-104.6302,21.16934],[-104.63126,21.1716],[-104.63314,21.17318],[-104.63446,21.17534],[-104.63771,21.17434],[-104.6456,21.16946],[-104.64816,21.16962],[-104.64614,21.17163],[-104.63889,21.17649],[-104.63937,21.17832],[-104.64209,21.18037],[-104.64255,21.18345],[-104.64411,21.18275],[-104.64455,21.18326],[-104.64477,21.18357],[-104.64533,21.18544],[-104.64644,21.18803],[-104.65181,21.19395],[-104.65305,21.19904],[-104.65811,21.20314],[-104.66293,21.20862],[-104.6671,21.21013],[-104.6694,21.21437],[-104.68145,21.22133],[-104.69319,21.24896],[-104.68108,21.26377],[-104.67384,21.27242],[-104.67907,21.28062],[-104.68097,21.28139],[-104.6812,21.28116],[-104.6815,21.28128],[-104.68201,21.28127],[-104.68256,21.28143],[-104.68444,21.28134],[-104.6871,21.28169],[-104.69369,21.28214],[-104.69756,21.2831],[-104.70545,21.28007],[-104.71222,21.27545],[-104.71923,21.26992],[-104.7295,21.27576],[-104.73443,21.28402],[-104.73585,21.28668],[-104.73879,21.29076],[-104.74134,21.29408],[-104.74332,21.29517],[-104.7474,21.29692],[-104.75099,21.29905],[-104.75169,21.30086],[-104.75016,21.30214],[-104.75175,21.30315],[-104.75253,21.30545],[-104.75294,21.30749],[-104.75367,21.30892],[-104.75222,21.31073],[-104.75327,21.31099],[-104.75086,21.31488],[-104.7519,21.31687],[-104.75328,21.31942],[-104.75189,21.32082],[-104.75094,21.32253],[-104.75207,21.323],[-104.75507,21.32545],[-104.75947,21.327],[-104.76794,21.32257],[-104.77118,21.32205],[-104.78671,21.32348],[-104.7955,21.32127],[-104.7972,21.32292],[-104.79706,21.32428],[-104.79797,21.32597],[-104.79782,21.32656],[-104.79871,21.32832],[-104.80088,21.32932],[-104.80257,21.33137],[-104.79173,21.35156],[-104.77452,21.37824],[-104.76019,21.37712],[-104.7596,21.38194],[-104.75933,21.38492],[-104.75856,21.3929],[-104.76397,21.39487],[-104.76264,21.39677],[-104.76038,21.39928],[-104.7566,21.40095],[-104.75245,21.40299],[-104.75157,21.40526],[-104.74852,21.40603],[-104.74173,21.40569],[-104.73868,21.40695],[-104.72029,21.40987],[-104.71737,21.40352],[-104.71306,21.39812],[-104.70761,21.39699],[-104.70549,21.39885],[-104.70264,21.41038],[-104.69663,21.42712],[-104.7011,21.42963],[-104.70467,21.43113],[-104.7094,21.4608],[-104.7045,21.46422],[-104.69945,21.46777],[-104.67781,21.48293],[-104.67595,21.48725],[-104.67479,21.49398],[-104.67428,21.49649],[-104.67337,21.50129],[-104.65963,21.50289],[-104.65444,21.50337],[-104.64702,21.50381],[-104.63018,21.50493],[-104.64191,21.5239],[-104.65831,21.5395],[-104.66422,21.54867],[-104.65812,21.57368],[-104.65628,21.57988],[-104.65422,21.58681],[-104.66089,21.58727],[-104.6554,21.59104],[-104.64822,21.58794],[-104.63774,21.59206],[-104.63048,21.59072],[-104.61857,21.58804],[-104.60814,21.60276],[-104.59947,21.60541],[-104.59461,21.60707]]]}},{"type":"Feature","properties":{"CVEGEO":"18015","CVE_ENT":"18","CVE_MUN":"015","NOMGEO":"Santiago Ixcuintla"},"geometry":{"type":"Polygon","coordinates":[[[-105.88968,21.85417],[-105.88893,21.85359],[-105.88716,21.85364],[-105.8859,21.85343],[-105.88525,21.85321],[-105.8844,21.85278],[-105.8836,21.85196],[-105.88307,21.85119],[-105.88254,21.85066],[-105.88172,21.85038],[-105.88152,21.84988],[-105.8814,21.84916],[-105.88131,21.84817],[-105.88083,21.8471],[-105.88027,21.84673],[-105.88057,21.84612],[-105.8805,21.84582],[-105.88055,21.84534],[-105.88016,21.84421],[-105.87984,21.84313],[-105.88028,21.84255],[-105.88044,21.84285],[-105.88037,21.84342],[-105.8809,21.84407],[-105.88101,21.84445],[-105.88159,21.84468],[-105.88269,21.84489],[-105.88307,21.84455],[-105.8835,21.84394],[-105.88391,21.84378],[-105.88443,21.84398],[-105.88488,21.84367],[-105.88467,21.84313],[-105.8843,21.84254],[-105.88432,21.84218],[-105.88466,21.84169],[-105.88485,21.84063],[-105.88613,21.84045],[-105.88737,21.84081],[-105.8878,21.84146],[-105.88782,21.84212],[-105.88754,21.84339],[-105.88703,21.84367],[-105.88663,21.8441],[-105.88677,21.84473],[-105.88655,21.84491],[-105.88656,21.8453],[-105.88609,21.84556],[-105.88584,21.84574],[-105.88622,21.8466],[-105.88653,21.84741],[-105.88642,21.84807],[-105.8864,21.84843],[-105.88695,21.84863],[-105.88743,21.84844],[-105.88761,21.84807],[-105.8882,21.84851],[-105.88858,21.84844],[-105.88909,21.84911],[-105.88945,21.84947],[-105.88965,21.85084],[-105.88936,21.85187],[-105.88898,21.85212],[-105.88871,21.85261],[-105.88891,21.85311],[-105.88921,21.85326],[-105.88958,21.85283],[-105.88993,21.85276],[-105.8902,21.85311],[-105.88944,21.85346],[-105.88958,21.85376],[-105.89021,21.85347],[-105.89041,21.85362],[-105.88968,21.85417]],[[-105.6595,22.29243],[-105.65315,22.29255],[-105.64585,22.29244],[-105.63538,22.2817],[-105.61998,22.22488],[-105.61096,22.17647],[-105.59979,22.14539],[-105.59072,22.13411],[-105.50174,22.0],[-105.40983,21.90893],[-105.39304,21.90045],[-105.39575,21.90891],[-105.40009,21.91415],[-105.40215,21.92194],[-105.39762,21.92472],[-105.39453,21.92487],[-105.39275,21.92671],[-105.38242,21.93409],[-105.37604,21.93646],[-105.37025,21.93856],[-105.3646,21.93796],[-105.36399,21.93231],[-105.36321,21.92542],[-105.3628,21.92165],[-105.36202,21.91482],[-105.36147,21.91011],[-105.36075,21.90374],[-105.35976,21.89437],[-105.35907,21.88738],[-105.35724,21.87009],[-105.35554,21.85402],[-105.34668,21.85259],[-105.33503,21.85664],[-105.3276,21.85936],[-105.31723,21.86566],[-105.31039,21.87189],[-105.29937,21.88186],[-105.29215,21.88325],[-105.28445,21.8823],[-105.27876,21.88159],[-105.27179,21.88071],[-105.26707,21.88085],[-105.26275,21.88098],[-105.25549,21.88118],[-105.24192,21.88163],[-105.23776,21.88177],[-105.23368,21.88463],[-105.23134,21.88067],[-105.22772,21.87537],[-105.22424,21.87405],[-105.20669,21.8797],[-105.20455,21.8885],[-105.19517,21.89712],[-105.18607,21.90717],[-105.16809,21.90399],[-105.16699,21.90269],[-105.16522,21.89916],[-105.15804,21.8836],[-105.14825,21.87811],[-105.1345,21.87239],[-105.12045,21.87223],[-105.11438,21.87218],[-105.09876,21.87303],[-105.09702,21.88649],[-105.09098,21.89111],[-105.07113,21.8854],[-105.05754,21.88156],[-105.05897,21.89133],[-105.06003,21.90428],[-105.03026,21.90678],[-105.00412,21.89469],[-104.97328,21.88905],[-104.96406,21.88813],[-104.9446,21.89108],[-104.9417,21.89102],[-104.93867,21.89381],[-104.93659,21.89387],[-104.9356,21.89285],[-104.93553,21.89188],[-104.93437,21.89095],[-104.93393,21.8907],[-104.93283,21.88972],[-104.93244,21.88876],[-104.93101,21.88784],[-104.9308,21.88609],[-104.92827,21.8823],[-104.9255,21.88735],[-104.9227,21.89387],[-104.91837,21.89105],[-104.9062,21.8908],[-104.9011,21.87907],[-104.8833,21.88505],[-104.86517,21.84696],[-104.90305,21.84768],[-104.94062,21.81276],[-104.9329,21.77374],[-104.92956,21.77376],[-104.92876,21.76716],[-104.92934,21.75697],[-104.93109,21.75594],[-104.93263,21.75479],[-104.93234,21.75356],[-104.93178,21.75157],[-104.93086,21.75191],[-104.9293,21.74955],[-104.93662,21.74235],[-104.95992,21.7307],[-104.97664,21.7244],[-104.98857,21.71889],[-104.9972,21.71684],[-105.00796,21.71808],[-105.01763,21.7192],[-105.02666,21.72269],[-105.03266,21.72924],[-105.03487,21.73363],[-105.04045,21.74225],[-105.04881,21.7464],[-105.05382,21.7473],[-105.05967,21.74738],[-105.06777,21.74762],[-105.08037,21.74744],[-105.07603,21.74064],[-105.0825,21.73737],[-105.08731,21.74083],[-105.09215,21.74291],[-105.0966,21.74338],[-105.09564,21.73862],[-105.10199,21.73751],[-105.11056,21.73818],[-105.11378,21.74532],[-105.12416,21.73928],[-105.12295,21.73787],[-105.12165,21.73637],[-105.12194,21.7334],[-105.11996,21.72988],[-105.11211,21.7229],[-105.09787,21.71399],[-105.08907,21.71321],[-105.09754,21.7039],[-105.10541,21.7034],[-105.10928,21.7059],[-105.11387,21.70329],[-105.11136,21.68179],[-105.13675,21.70195],[-105.14132,21.70376],[-105.14829,21.70072],[-105.1679,21.69394],[-105.17497,21.69549],[-105.17767,21.69675],[-105.18122,21.69741],[-105.18464,21.6972],[-105.1865,21.69656],[-105.18795,21.69934],[-105.19029,21.69921],[-105.19622,21.69829],[-105.1987,21.69796],[-105.20417,21.6962],[-105.20637,21.6958],[-105.20838,21.69935],[-105.21191,21.69869],[-105.21772,21.69673],[-105.22056,21.69391],[-105.22059,21.69184],[-105.22311,21.69044],[-105.22789,21.68702],[-105.23105,21.69001],[-105.23313,21.69335],[-105.23679,21.69584],[-105.23439,21.70228],[-105.23581,21.70797],[-105.24101,21.70599],[-105.24546,21.70005],[-105.25093,21.70135],[-105.25956,21.70751],[-105.26248,21.70986],[-105.25892,21.71521],[-105.25882,21.71729],[-105.26138,21.71849],[-105.26523,21.72029],[-105.26936,21.72222],[-105.27646,21.72431],[-105.28249,21.72661],[-105.28168,21.7333],[-105.28627,21.73494],[-105.29078,21.73526],[-105.29638,21.73566],[-105.3019,21.73456],[-105.29767,21.73009],[-105.29292,21.72262],[-105.29076,21.71696],[-105.28848,21.71153],[-105.28885,21.71018],[-105.28967,21.70916],[-105.29207,21.70618],[-105.29339,21.70428],[-105.29459,21.70248],[-105.29994,21.69704],[-105.30693,21.69706],[-105.31162,21.69954],[-105.31612,21.70871],[-105.32348,21.70772],[-105.32168,21.71642],[-105.32691,21.71653],[-105.32905,21.71045],[-105.33206,21.70856],[-105.33394,21.70783],[-105.33691,21.70525],[-105.3428,21.70281],[-105.3528,21.70085],[-105.35806,21.6987],[-105.36233,21.69439],[-105.36349,21.68968],[-105.36368,21.68745],[-105.36373,21.6843],[-105.36894,21.67648],[-105.37106,21.6726],[-105.37369,21.67184],[-105.37755,21.67195],[-105.38324,21.67357],[-105.38954,21.67631],[-105.39387,21.67312],[-105.40346,21.6669],[-105.40742,21.66847],[-105.41057,21.66798],[-105.41273,21.66561],[-105.41604,21.66539],[-105.42213,21.66656],[-105.41939,21.66116],[-105.41945,21.6585],[-105.41936,21.65597],[-105.41785,21.65311],[-105.41327,21.64915],[-105.40843,21.64874],[-105.40856,21.63654],[-105.4281,21.63011],[-105.42479,21.64128],[-105.42423,21.64168],[-105.42192,21.64404],[-105.43225,21.65387],[-105.44025,21.64432],[-105.44647,21.63568],[-105.44561,21.63835],[-105.44901,21.64481],[-105.44947,21.6483],[-105.45092,21.65148],[-105.45463,21.65668],[-105.45702,21.65996],[-105.4589,21.66279],[-105.4624,21.66795],[-105.46459,21.67137],[-105.46702,21.67554],[-105.46933,21.67912],[-105.47157,21.68353],[-105.47389,21.6878],[-105.47586,21.69191],[-105.47766,21.6948],[-105.47993,21.69956],[-105.48203,21.70446],[-105.48287,21.70848],[-105.48448,21.70938],[-105.4859,21.71271],[-105.48754,21.7159],[-105.48995,21.72004],[-105.49263,21.7254],[-105.50196,21.74465],[-105.50245,21.74694],[-105.50356,21.75021],[-105.50565,21.75678],[-105.50829,21.76211],[-105.51069,21.7666],[-105.51295,21.77087],[-105.51473,21.77409],[-105.51696,21.77805],[-105.51903,21.7814],[-105.52371,21.78997],[-105.52617,21.79379],[-105.53106,21.80267],[-105.53471,21.81048],[-105.53416,21.81204],[-105.53695,21.81454],[-105.53872,21.8167],[-105.54044,21.81969],[-105.54386,21.82589],[-105.54744,21.83135],[-105.55121,21.83685],[-105.55603,21.84372],[-105.55946,21.84927],[-105.56454,21.85706],[-105.5716,21.86654],[-105.5809,21.88091],[-105.59,21.89437],[-105.59782,21.90626],[-105.60669,21.9206],[-105.6177,21.93912],[-105.63151,21.96311],[-105.64371,21.99102],[-105.65018,22.01349],[-105.65334,22.03161],[-105.65423,22.05142],[-105.6531,22.06935],[-105.65146,22.08663],[-105.65034,22.10207],[-105.64938,22.11104],[-105.64875,22.11982],[-105.64829,22.12911],[-105.64768,22.14296],[-105.64804,22.15252],[-105.64976,22.16467],[-105.64949,22.16939],[-105.64918,22.17238],[-105.64747,22.17997],[-105.6409,22.18217],[-105.63651,22.18147],[-105.64288,22.19254],[-105.64597,22.19808],[-105.64612,22.20931],[-105.64916,22.21657],[-105.65005,22.21896],[-105.65099,22.22851],[-105.65226,22.23747],[-105.65346,22.24416],[-105.65474,22.25144],[-105.65705,22.26341],[-105.65928,22.27548],[-105.66225,22.29037],[-105.6595,22.29243]]]}},{"type":"Feature","properties":{"CVEGEO":"18016","CVE_ENT":"18","CVE_MUN":"016","NOMGEO":"Tecuala"},"geometry":{"type":"Polygon","coordinates":[[[-105.68525,22.57189],[-105.68266,22.572],[-105.67647,22.56089],[-105.67354,22.54448],[-105.66848,22.52824],[-105.65323,22.51922],[-105.64502,22.51851],[-105.64344,22.51953],[-105.64485,22.52171],[-105.64499,22.52284],[-105.64437,22.52346],[-105.64125,22.5239],[-105.6385,22.52234],[-105.63975,22.51849],[-105.63723,22.5139],[-105.63213,22.50988],[-105.62783,22.50942],[-105.62382,22.5119],[-105.62211,22.51322],[-105.62043,22.51553],[-105.61941,22.51532],[-105.6181,22.51493],[-105.61838,22.51343],[-105.6167,22.51249],[-105.61632,22.50356],[-105.59129,22.50072],[-105.58507,22.49891],[-105.58353,22.4969],[-105.58185,22.49553],[-105.57797,22.49433],[-105.57304,22.49191],[-105.57166,22.4906],[-105.56955,22.48954],[-105.56738,22.48889],[-105.56646,22.48818],[-105.56439,22.48678],[-105.56472,22.4834],[-105.56136,22.48212],[-105.55786,22.48219],[-105.5564,22.48201],[-105.55619,22.47912],[-105.55627,22.47649],[-105.55429,22.47551],[-105.55074,22.47357],[-105.54918,22.46682],[-105.54873,22.46284],[-105.5503,22.46195],[-105.55244,22.46276],[-105.55607,22.46105],[-105.55548,22.45763],[-105.55611,22.45557],[-105.56014,22.45535],[-105.56532,22.45021],[-105.55902,22.44577],[-105.55043,22.4401],[-105.54403,22.43587],[-105.53754,22.43314],[-105.53527,22.43066],[-105.53128,22.42771],[-105.5268,22.42253],[-105.52405,22.41788],[-105.52048,22.41121],[-105.51826,22.407],[-105.51812,22.4076],[-105.51936,22.41309],[-105.52166,22.42252],[-105.52435,22.43355],[-105.52688,22.44393],[-105.52803,22.44867],[-105.53046,22.44789],[-105.53279,22.44772],[-105.53421,22.44869],[-105.53608,22.4523],[-105.53519,22.45367],[-105.53653,22.45614],[-105.53425,22.45919],[-105.53679,22.4614],[-105.53878,22.46311],[-105.53885,22.46548],[-105.53831,22.46664],[-105.53828,22.46995],[-105.53559,22.47252],[-105.53444,22.47283],[-105.52933,22.47351],[-105.52933,22.47136],[-105.52809,22.46766],[-105.52549,22.4671],[-105.52292,22.46185],[-105.52079,22.46287],[-105.50954,22.46495],[-105.49982,22.45388],[-105.47939,22.46213],[-105.47405,22.4633],[-105.47402,22.45918],[-105.47393,22.4548],[-105.47298,22.45019],[-105.46971,22.44832],[-105.45857,22.44049],[-105.45418,22.4449],[-105.44448,22.44368],[-105.43794,22.4427],[-105.42988,22.44127],[-105.42687,22.44085],[-105.41266,22.43887],[-105.40989,22.43783],[-105.41095,22.43145],[-105.41156,22.42779],[-105.41246,22.42247],[-105.41249,22.41812],[-105.40829,22.41421],[-105.4097,22.40744],[-105.41054,22.40215],[-105.40871,22.4005],[-105.40431,22.39938],[-105.39838,22.39805],[-105.39897,22.39585],[-105.40001,22.39193],[-105.40071,22.38927],[-105.40191,22.38476],[-105.40286,22.38109],[-105.40384,22.37747],[-105.40468,22.37426],[-105.40528,22.37187],[-105.40552,22.37088],[-105.39654,22.36996],[-105.39452,22.3693],[-105.39006,22.36685],[-105.38072,22.3625],[-105.35641,22.35036],[-105.35153,22.34983],[-105.3411,22.36273],[-105.34025,22.37137],[-105.33781,22.37165],[-105.33465,22.37132],[-105.3329,22.37088],[-105.32942,22.3716],[-105.32707,22.37309],[-105.32518,22.3715],[-105.3148,22.35654],[-105.29826,22.3429],[-105.29885,22.34117],[-105.29929,22.34043],[-105.30018,22.33317],[-105.29982,22.32898],[-105.29868,22.32665],[-105.29788,22.32522],[-105.29541,22.32135],[-105.29136,22.31693],[-105.2946,22.31005],[-105.29321,22.30451],[-105.28196,22.3039],[-105.2789,22.3046],[-105.27851,22.30469],[-105.27468,22.30556],[-105.26916,22.30682],[-105.26393,22.29998],[-105.25436,22.26627],[-105.25802,22.26744],[-105.26152,22.26579],[-105.26126,22.26315],[-105.26679,22.26178],[-105.26685,22.25965],[-105.27011,22.25926],[-105.2821,22.25656],[-105.28309,22.24673],[-105.28816,22.24098],[-105.29817,22.24367],[-105.31055,22.25],[-105.3324,22.24981],[-105.33987,22.24754],[-105.34487,22.24551],[-105.34401,22.24476],[-105.34341,22.24426],[-105.34144,22.24422],[-105.34129,22.24346],[-105.3406,22.24308],[-105.33986,22.24239],[-105.33854,22.24173],[-105.33815,22.24062],[-105.3387,22.23874],[-105.35824,22.22001],[-105.38192,22.23025],[-105.36887,22.23571],[-105.35969,22.24346],[-105.3688,22.25662],[-105.37283,22.25527],[-105.37688,22.25129],[-105.38211,22.24625],[-105.38648,22.2431],[-105.39011,22.24238],[-105.39295,22.24205],[-105.39749,22.24223],[-105.4092,22.24186],[-105.41131,22.23841],[-105.41185,22.23279],[-105.40507,22.2118],[-105.42487,22.19843],[-105.42416,22.20049],[-105.42646,22.20212],[-105.42876,22.20662],[-105.43269,22.20851],[-105.43286,22.20641],[-105.43476,22.20554],[-105.44006,22.20434],[-105.44905,22.20335],[-105.45452,22.20571],[-105.45719,22.20533],[-105.46317,22.20243],[-105.46666,22.20038],[-105.47186,22.1962],[-105.47768,22.19965],[-105.47966,22.21493],[-105.48824,22.20853],[-105.4892,22.21111],[-105.49049,22.2138],[-105.49289,22.21749],[-105.49645,22.21875],[-105.49849,22.22081],[-105.50519,22.22836],[-105.50524,22.23428],[-105.51056,22.19084],[-105.52971,22.17056],[-105.53826,22.17465],[-105.56043,22.185],[-105.54807,22.15958],[-105.53191,22.13541],[-105.53737,22.12874],[-105.54471,22.14142],[-105.54848,22.15287],[-105.5736,22.1384],[-105.57592,22.13132],[-105.57654,22.12604],[-105.5805,22.13392],[-105.58448,22.13516],[-105.59628,22.13985],[-105.60174,22.15074],[-105.61096,22.17647],[-105.61714,22.19545],[-105.62952,22.25194],[-105.63538,22.2817],[-105.64165,22.29241],[-105.65033,22.2925],[-105.65353,22.29255],[-105.65853,22.29233],[-105.66278,22.29265],[-105.66556,22.30478],[-105.66751,22.31267],[-105.66963,22.32017],[-105.67147,22.32761],[-105.6737,22.33525],[-105.67576,22.34313],[-105.67861,22.35315],[-105.6816,22.36248],[-105.68453,22.37182],[-105.68803,22.382],[-105.69199,22.39307],[-105.69622,22.40359],[-105.69973,22.41234],[-105.70227,22.41862],[-105.70554,22.42627],[-105.71066,22.43801],[-105.71574,22.44904],[-105.71943,22.45656],[-105.72395,22.46539],[-105.72933,22.476],[-105.73346,22.48274],[-105.73752,22.48995],[-105.74028,22.49485],[-105.74554,22.50636],[-105.75497,22.52435],[-105.75817,22.53083],[-105.7583,22.53768],[-105.75485,22.53898],[-105.75294,22.54086],[-105.75021,22.53934],[-105.74853,22.53655],[-105.74687,22.53404],[-105.74578,22.5319],[-105.74388,22.52784],[-105.74332,22.52626],[-105.74169,22.52377],[-105.73965,22.51983],[-105.73859,22.51678],[-105.73655,22.51252],[-105.73393,22.50715],[-105.73268,22.50505],[-105.73256,22.50405],[-105.73181,22.50311],[-105.73108,22.50147],[-105.72999,22.49857],[-105.72925,22.49656],[-105.72837,22.49456],[-105.72774,22.49261],[-105.72554,22.4896],[-105.72423,22.48712],[-105.72275,22.48552],[-105.71988,22.48217],[-105.71509,22.47634],[-105.71251,22.47419],[-105.70589,22.47052],[-105.70144,22.46783],[-105.69794,22.46776],[-105.69284,22.46723],[-105.68991,22.46735],[-105.68659,22.4674],[-105.68247,22.46742],[-105.67836,22.46796],[-105.67662,22.46867],[-105.67534,22.47019],[-105.67269,22.47404],[-105.67492,22.50355],[-105.68384,22.52538],[-105.68476,22.52743],[-105.68607,22.53056],[-105.68781,22.53335],[-105.68941,22.53696],[-105.69041,22.53885],[-105.69183,22.54209],[-105.69507,22.54821],[-105.69728,22.55169],[-105.69986,22.55643],[-105.70048,22.56191],[-105.69567,22.56831],[-105.69113,22.56844],[-105.68852,22.57015],[-105.68525,22.57189]]]}},{"type":"Feature","properties":{"CVEGEO":"18003","CVE_ENT":"18","CVE_MUN":"003","NOMGEO":"Amatl\u00e1n de Ca\u00f1as"},"geometry":{"type":"Polygon","coordinates":[[[-104.55782,20.99535],[-104.55312,20.9526],[-104.54691,20.95023],[-104.54402,20.94875],[-104.54123,20.95773],[-104.50199,20.96722],[-104.48419,20.99033],[-104.45204,20.96892],[-104.39897,20.95881],[-104.35468,20.96546],[-104.35205,20.93589],[-104.32919,20.913],[-104.32698,20.90782],[-104.32325,20.90175],[-104.32041,20.89814],[-104.3197,20.89479],[-104.31633,20.89152],[-104.31046,20.8884],[-104.30812,20.88261],[-104.30458,20.87754],[-104.30306,20.87533],[-104.30203,20.87005],[-104.30083,20.86632],[-104.30005,20.86339],[-104.30022,20.8626],[-104.30173,20.86136],[-104.2993,20.85902],[-104.29474,20.85597],[-104.29295,20.85353],[-104.29406,20.8479],[-104.29542,20.8455],[-104.29838,20.84744],[-104.30193,20.84576],[-104.30399,20.84598],[-104.3058,20.84649],[-104.30841,20.84683],[-104.31122,20.84385],[-104.31226,20.84225],[-104.31291,20.84021],[-104.31537,20.84076],[-104.31788,20.83872],[-104.32097,20.83938],[-104.32369,20.84124],[-104.32628,20.84126],[-104.32872,20.84222],[-104.33207,20.84298],[-104.33324,20.84555],[-104.33712,20.84563],[-104.34066,20.84464],[-104.34174,20.84432],[-104.34248,20.84447],[-104.34418,20.84599],[-104.34642,20.84596],[-104.3479,20.8451],[-104.35137,20.84448],[-104.35421,20.84275],[-104.35712,20.84311],[-104.35932,20.8418],[-104.35945,20.84074],[-104.36061,20.84078],[-104.36185,20.83894],[-104.3594,20.83523],[-104.35888,20.83149],[-104.35897,20.82738],[-104.35716,20.82173],[-104.3577,20.81944],[-104.36138,20.81786],[-104.35838,20.81329],[-104.37178,20.78852],[-104.37541,20.77785],[-104.37361,20.77692],[-104.3704,20.77932],[-104.3676,20.78149],[-104.36678,20.78279],[-104.36498,20.78398],[-104.36272,20.78486],[-104.3603,20.78711],[-104.3594,20.78882],[-104.35834,20.79034],[-104.35665,20.79109],[-104.35445,20.79126],[-104.35259,20.79138],[-104.35112,20.79146],[-104.3498,20.79177],[-104.34775,20.79286],[-104.34518,20.79176],[-104.3378,20.78986],[-104.3354,20.79029],[-104.31058,20.78186],[-104.29518,20.77134],[-104.29187,20.77079],[-104.29217,20.77483],[-104.28872,20.78135],[-104.28377,20.78276],[-104.28244,20.78125],[-104.27519,20.76984],[-104.27447,20.76999],[-104.27285,20.76719],[-104.27188,20.76487],[-104.27141,20.76375],[-104.27013,20.76059],[-104.2657,20.74993],[-104.26331,20.74345],[-104.25813,20.73372],[-104.24995,20.72823],[-104.24721,20.7257],[-104.24702,20.72259],[-104.24603,20.71741],[-104.24338,20.71561],[-104.2424,20.71152],[-104.24396,20.70774],[-104.24744,20.70308],[-104.24815,20.69963],[-104.2437,20.69407],[-104.24449,20.69221],[-104.24734,20.68832],[-104.25238,20.68359],[-104.24615,20.67153],[-104.2424,20.66765],[-104.23661,20.66445],[-104.23916,20.66014],[-104.24701,20.65673],[-104.25363,20.65427],[-104.25677,20.64928],[-104.26039,20.64284],[-104.25582,20.63809],[-104.24923,20.63398],[-104.2473,20.63051],[-104.25301,20.63043],[-104.25391,20.629],[-104.25406,20.61782],[-104.25242,20.61473],[-104.25276,20.61395],[-104.25406,20.61015],[-104.25162,20.60801],[-104.25291,20.6076],[-104.25271,20.60627],[-104.25357,20.60429],[-104.25536,20.60337],[-104.25911,20.60459],[-104.26031,20.60686],[-104.26318,20.60912],[-104.26479,20.61112],[-104.26768,20.61454],[-104.27199,20.61545],[-104.27475,20.6169],[-104.27533,20.61969],[-104.27524,20.62087],[-104.2752,20.62232],[-104.27785,20.62302],[-104.27985,20.62596],[-104.28067,20.62836],[-104.28176,20.63028],[-104.28119,20.63314],[-104.2828,20.63623],[-104.28237,20.63845],[-104.28158,20.64082],[-104.2824,20.64287],[-104.2809,20.64531],[-104.2812,20.64888],[-104.28364,20.65108],[-104.28454,20.65415],[-104.28324,20.65734],[-104.28665,20.65849],[-104.28803,20.66221],[-104.28621,20.666],[-104.28619,20.66862],[-104.28578,20.67219],[-104.28823,20.67585],[-104.28852,20.67811],[-104.28857,20.68048],[-104.28892,20.68385],[-104.28758,20.68569],[-104.28849,20.68916],[-104.29251,20.69139],[-104.29493,20.69251],[-104.29809,20.69162],[-104.30187,20.693],[-104.30546,20.69405],[-104.30738,20.69634],[-104.30797,20.69809],[-104.30721,20.69996],[-104.30894,20.70293],[-104.31117,20.70491],[-104.31544,20.70655],[-104.31604,20.70811],[-104.31728,20.7108],[-104.3188,20.71357],[-104.32118,20.71317],[-104.32328,20.7145],[-104.32312,20.7164],[-104.32479,20.71769],[-104.32678,20.7174],[-104.32934,20.71623],[-104.33194,20.71675],[-104.33293,20.7185],[-104.33445,20.72069],[-104.33837,20.72152],[-104.34075,20.72236],[-104.34457,20.72314],[-104.34898,20.72476],[-104.3507,20.72753],[-104.35325,20.73263],[-104.35486,20.73559],[-104.35733,20.73677],[-104.3603,20.73842],[-104.36265,20.74377],[-104.36871,20.74327],[-104.37556,20.74135],[-104.37777,20.74493],[-104.37715,20.74993],[-104.37931,20.75589],[-104.38276,20.76075],[-104.38548,20.76277],[-104.38415,20.76577],[-104.38868,20.768],[-104.39116,20.77114],[-104.39444,20.77406],[-104.39552,20.7766],[-104.39869,20.78216],[-104.40286,20.78442],[-104.40845,20.78839],[-104.41254,20.79095],[-104.41608,20.79476],[-104.42066,20.79377],[-104.42447,20.79081],[-104.42726,20.79102],[-104.4291,20.79605],[-104.43305,20.79953],[-104.43496,20.80347],[-104.4371,20.80526],[-104.44084,20.8076],[-104.44532,20.80522],[-104.44935,20.80354],[-104.45283,20.80459],[-104.45672,20.80671],[-104.45805,20.80718],[-104.45871,20.80902],[-104.46198,20.80966],[-104.46148,20.81162],[-104.46224,20.8136],[-104.46644,20.81509],[-104.47203,20.8186],[-104.47607,20.81952],[-104.47559,20.82173],[-104.47758,20.82281],[-104.48032,20.82326],[-104.48043,20.82523],[-104.48369,20.82778],[-104.48417,20.83104],[-104.48563,20.83338],[-104.48792,20.83454],[-104.49209,20.83791],[-104.49524,20.83823],[-104.49861,20.83863],[-104.50083,20.84038],[-104.50235,20.84358],[-104.50184,20.84567],[-104.5041,20.84767],[-104.50456,20.85396],[-104.50682,20.86121],[-104.51112,20.86002],[-104.51348,20.86486],[-104.51454,20.86679],[-104.51897,20.86858],[-104.51956,20.87034],[-104.52123,20.87317],[-104.52177,20.87604],[-104.52239,20.87931],[-104.52476,20.8805],[-104.52444,20.88576],[-104.5293,20.88505],[-104.53249,20.88317],[-104.53419,20.88496],[-104.53508,20.88663],[-104.5334,20.88952],[-104.53417,20.89123],[-104.53603,20.89389],[-104.53668,20.8964],[-104.54187,20.89713],[-104.54355,20.89866],[-104.54474,20.90114],[-104.54423,20.90516],[-104.54274,20.90869],[-104.54358,20.91233],[-104.54776,20.91425],[-104.55242,20.91726],[-104.55697,20.9202],[-104.55689,20.92395],[-104.55944,20.92554],[-104.56281,20.92615],[-104.56757,20.92956],[-104.57166,20.93022],[-104.57712,20.93248],[-104.57862,20.93393],[-104.58288,20.93435],[-104.5899,20.93443],[-104.5913,20.93384],[-104.5924,20.93147],[-104.59745,20.93133],[-104.60178,20.93107],[-104.60714,20.92623],[-104.61174,20.92333],[-104.61889,20.92377],[-104.62315,20.92617],[-104.62655,20.92441],[-104.6278,20.92519],[-104.61601,20.9364],[-104.5586,20.99572],[-104.55782,20.99535]]]}},{"type":"Feature","properties":{"CVEGEO":"18012","CVE_ENT":"18","CVE_MUN":"012","NOMGEO":"San Blas"},"geometry":{"type":"Polygon","coordinates":[[[-106.22814,21.33259],[-106.22818,21.33249],[-106.22826,21.33239],[-106.22827,21.33224],[-106.22813,21.33203],[-106.22793,21.33175],[-106.22769,21.33156],[-106.22746,21.33141],[-106.22714,21.33129],[-106.22695,21.33121],[-106.22648,21.33096],[-106.22596,21.33074],[-106.22567,21.33057],[-106.22551,21.33047],[-106.22524,21.33038],[-106.22492,21.33022],[-106.22458,21.33009],[-106.22421,21.33001],[-106.22382,21.32994],[-106.22346,21.32979],[-106.22327,21.32957],[-106.22329,21.32927],[-106.22345,21.32905],[-106.22391,21.32889],[-106.22423,21.3288],[-106.22436,21.3287],[-106.22446,21.3285],[-106.22454,21.32827],[-106.22454,21.32808],[-106.22458,21.32789],[-106.22477,21.32773],[-106.22502,21.32753],[-106.22519,21.32734],[-106.22531,21.3271],[-106.22536,21.32686],[-106.22549,21.32686],[-106.2256,21.32685],[-106.22576,21.3268],[-106.22589,21.32661],[-106.22603,21.32638],[-106.22617,21.32622],[-106.22635,21.32602],[-106.22646,21.32586],[-106.22651,21.32569],[-106.22656,21.32558],[-106.22659,21.32527],[-106.2266,21.325],[-106.22656,21.32463],[-106.22646,21.32444],[-106.22631,21.32418],[-106.22611,21.32389],[-106.22599,21.3238],[-106.22565,21.32369],[-106.22536,21.32365],[-106.2251,21.32364],[-106.22496,21.32395],[-106.22488,21.3243],[-106.22473,21.32442],[-106.2246,21.32438],[-106.22443,21.32419],[-106.22431,21.32391],[-106.22411,21.32373],[-106.22404,21.32369],[-106.22369,21.32328],[-106.22354,21.3232],[-106.22345,21.32308],[-106.22334,21.3229],[-106.22323,21.32273],[-106.22302,21.32254],[-106.22286,21.32238],[-106.22252,21.32207],[-106.22239,21.32195],[-106.22234,21.32187],[-106.22224,21.32174],[-106.22221,21.32143],[-106.22227,21.32116],[-106.2223,21.32086],[-106.2224,21.32067],[-106.22252,21.32068],[-106.22277,21.32088],[-106.22296,21.32102],[-106.22317,21.32125],[-106.22337,21.32145],[-106.22365,21.32168],[-106.22411,21.32205],[-106.22436,21.32228],[-106.22455,21.32246],[-106.22473,21.32259],[-106.22493,21.32278],[-106.22517,21.32298],[-106.22543,21.32312],[-106.22571,21.32313],[-106.22596,21.32306],[-106.22624,21.32296],[-106.22658,21.32284],[-106.22678,21.32272],[-106.22687,21.32259],[-106.22701,21.32229],[-106.22714,21.32199],[-106.22724,21.32147],[-106.22737,21.32096],[-106.22734,21.32087],[-106.22731,21.32074],[-106.22725,21.32059],[-106.22709,21.32061],[-106.22692,21.32048],[-106.22686,21.32034],[-106.22686,21.32021],[-106.22688,21.31997],[-106.22664,21.31975],[-106.2264,21.31957],[-106.22626,21.31943],[-106.22611,21.31918],[-106.22611,21.31909],[-106.22645,21.31885],[-106.22655,21.31876],[-106.22671,21.31868],[-106.22701,21.31883],[-106.22715,21.31889],[-106.22728,21.31886],[-106.22752,21.31857],[-106.22757,21.31833],[-106.2276,21.31801],[-106.22757,21.31781],[-106.22761,21.31717],[-106.2276,21.31694],[-106.22757,21.31649],[-106.22756,21.31617],[-106.22763,21.31578],[-106.22767,21.31548],[-106.22774,21.31516],[-106.22767,21.31494],[-106.22758,21.3148],[-106.22756,21.31464],[-106.22757,21.31448],[-106.22757,21.31434],[-106.22756,21.31413],[-106.22747,21.31401],[-106.22738,21.3139],[-106.22733,21.31377],[-106.22739,21.31355],[-106.22739,21.31342],[-106.22737,21.31318],[-106.22727,21.31298],[-106.22723,21.31278],[-106.22723,21.31242],[-106.22736,21.31216],[-106.22738,21.31202],[-106.22738,21.31188],[-106.22726,21.31162],[-106.2272,21.31139],[-106.22708,21.31116],[-106.22704,21.31089],[-106.22707,21.31073],[-106.22733,21.31039],[-106.22743,21.3102],[-106.22754,21.30991],[-106.22756,21.30962],[-106.22767,21.30929],[-106.22761,21.30906],[-106.22753,21.30886],[-106.22735,21.30872],[-106.22713,21.30865],[-106.22674,21.30847],[-106.22646,21.30831],[-106.22624,21.30812],[-106.22614,21.30783],[-106.22616,21.30752],[-106.22616,21.30722],[-106.22616,21.30677],[-106.22618,21.30645],[-106.22624,21.30625],[-106.22634,21.30591],[-106.2265,21.30572],[-106.22656,21.30558],[-106.22667,21.3055],[-106.2269,21.30548],[-106.22716,21.30552],[-106.22733,21.30555],[-106.22767,21.30556],[-106.22799,21.30542],[-106.22813,21.30517],[-106.22824,21.30499],[-106.22829,21.3048],[-106.22865,21.304],[-106.2288,21.30374],[-106.22901,21.30331],[-106.2291,21.30294],[-106.22922,21.3026],[-106.22931,21.30236],[-106.22936,21.30213],[-106.22958,21.30135],[-106.22983,21.30059],[-106.22988,21.30012],[-106.22996,21.29945],[-106.22979,21.29888],[-106.2295,21.29828],[-106.22931,21.29785],[-106.22904,21.2974],[-106.22882,21.29711],[-106.22869,21.2969],[-106.22874,21.29649],[-106.2289,21.29574],[-106.22887,21.29499],[-106.22899,21.29451],[-106.22915,21.29392],[-106.2291,21.2932],[-106.22926,21.29245],[-106.22955,21.29195],[-106.22979,21.29186],[-106.2302,21.29174],[-106.23044,21.2919],[-106.23044,21.29228],[-106.23057,21.2931],[-106.23111,21.2938],[-106.2325,21.29465],[-106.23299,21.29514],[-106.23302,21.29585],[-106.23319,21.29661],[-106.2333,21.29763],[-106.23347,21.29865],[-106.23379,21.29919],[-106.23433,21.29944],[-106.23532,21.29963],[-106.23721,21.29974],[-106.23788,21.29963],[-106.23863,21.29931],[-106.23915,21.29871],[-106.23967,21.29797],[-106.23985,21.29751],[-106.24007,21.29698],[-106.24018,21.29663],[-106.24055,21.29592],[-106.24077,21.29515],[-106.24088,21.29438],[-106.24169,21.29293],[-106.24199,21.29282],[-106.24259,21.29268],[-106.2433,21.2925],[-106.24394,21.29235],[-106.2448,21.29227],[-106.24597,21.29237],[-106.24698,21.29236],[-106.24788,21.29271],[-106.24859,21.2927],[-106.24934,21.29252],[-106.25013,21.29199],[-106.25069,21.29167],[-106.2517,21.29156],[-106.25215,21.29169],[-106.25279,21.29204],[-106.25311,21.29231],[-106.25345,21.29238],[-106.25398,21.29238],[-106.25435,21.29244],[-106.25499,21.29258],[-106.25559,21.29261],[-106.25631,21.29278],[-106.25668,21.29292],[-106.25699,21.29313],[-106.25721,21.29344],[-106.25763,21.29372],[-106.25808,21.294],[-106.25823,21.29431],[-106.25835,21.29473],[-106.25839,21.29519],[-106.25851,21.29571],[-106.25866,21.29631],[-106.25878,21.29677],[-106.2595,21.29753],[-106.26003,21.29781],[-106.26052,21.29798],[-106.26123,21.29812],[-106.2618,21.29829],[-106.26232,21.29839],[-106.26277,21.29849],[-106.2636,21.2987],[-106.26409,21.29897],[-106.2644,21.29961],[-106.26482,21.3002],[-106.26542,21.30037],[-106.26616,21.30062],[-106.26694,21.30065],[-106.26777,21.30075],[-106.26833,21.30078],[-106.26871,21.30095],[-106.26875,21.30141],[-106.26917,21.30193],[-106.26955,21.30256],[-106.27061,21.30361],[-106.27114,21.30399],[-106.27164,21.30453],[-106.27198,21.30502],[-106.27244,21.3054],[-106.27296,21.30564],[-106.27364,21.30589],[-106.27432,21.30651],[-106.27467,21.30704],[-106.27486,21.3076],[-106.27501,21.30812],[-106.27528,21.30861],[-106.27566,21.30924],[-106.27571,21.31005],[-106.27571,21.31065],[-106.2761,21.31137],[-106.27644,21.31168],[-106.27693,21.31231],[-106.27701,21.31276],[-106.27716,21.31329],[-106.27755,21.31399],[-106.27815,21.31437],[-106.27871,21.31458],[-106.27913,21.31461],[-106.27917,21.31507],[-106.27895,21.31542],[-106.27847,21.31555],[-106.2782,21.31596],[-106.27792,21.31621],[-106.27762,21.31654],[-106.27724,21.31679],[-106.27685,21.31706],[-106.2763,21.31723],[-106.27591,21.31732],[-106.27554,21.31757],[-106.27517,21.31852],[-106.27511,21.3191],[-106.27494,21.31951],[-106.27474,21.31998],[-106.27457,21.32064],[-106.27442,21.32099],[-106.27423,21.32126],[-106.27383,21.3217],[-106.27353,21.32191],[-106.27352,21.32206],[-106.27337,21.32217],[-106.27339,21.32235],[-106.27344,21.32251],[-106.27311,21.32268],[-106.27278,21.32281],[-106.27274,21.32268],[-106.27267,21.32262],[-106.27252,21.32254],[-106.27238,21.32252],[-106.27227,21.32258],[-106.27239,21.32271],[-106.27243,21.32281],[-106.2721,21.32292],[-106.27168,21.32294],[-106.27153,21.32294],[-106.27146,21.3229],[-106.27113,21.32278],[-106.27091,21.32288],[-106.27076,21.32299],[-106.27043,21.32315],[-106.27032,21.32334],[-106.27002,21.32353],[-106.26978,21.32365],[-106.26978,21.32388],[-106.26982,21.32402],[-106.26958,21.32421],[-106.26952,21.32429],[-106.26939,21.32438],[-106.26937,21.32471],[-106.26937,21.32487],[-106.26926,21.32514],[-106.26911,21.32535],[-106.26874,21.32535],[-106.26845,21.32537],[-106.26832,21.32548],[-106.26828,21.3256],[-106.26825,21.32565],[-106.26818,21.32587],[-106.26803,21.32606],[-106.26791,21.32621],[-106.26779,21.32639],[-106.26767,21.32656],[-106.26763,21.32665],[-106.26757,21.32687],[-106.26737,21.32703],[-106.26722,21.32721],[-106.26708,21.32738],[-106.26692,21.32752],[-106.26675,21.32762],[-106.26664,21.32772],[-106.26645,21.32785],[-106.26626,21.32809],[-106.26622,21.32839],[-106.26623,21.32853],[-106.26618,21.32871],[-106.26602,21.32874],[-106.26584,21.32873],[-106.2656,21.32874],[-106.2653,21.32879],[-106.2651,21.32886],[-106.26494,21.3289],[-106.26489,21.3289],[-106.26453,21.32905],[-106.26436,21.3291],[-106.26418,21.32894],[-106.26402,21.32907],[-106.26385,21.32919],[-106.2637,21.32933],[-106.26355,21.32946],[-106.26342,21.32964],[-106.26327,21.32997],[-106.26302,21.33009],[-106.26284,21.33025],[-106.26266,21.33046],[-106.26252,21.33062],[-106.26244,21.3308],[-106.26233,21.33107],[-106.26223,21.33132],[-106.262,21.33149],[-106.26178,21.33169],[-106.2615,21.33196],[-106.2611,21.332],[-106.26099,21.33207],[-106.26081,21.33236],[-106.26071,21.33252],[-106.2605,21.33263],[-106.26034,21.33274],[-106.2601,21.33282],[-106.25974,21.33298],[-106.25954,21.33331],[-106.25937,21.33354],[-106.25919,21.33386],[-106.25903,21.33403],[-106.25882,21.33417],[-106.25879,21.33423],[-106.25872,21.33434],[-106.2585,21.33455],[-106.25826,21.33479],[-106.25772,21.33497],[-106.25752,21.33499],[-106.25726,21.33498],[-106.25713,21.33489],[-106.25683,21.33478],[-106.25664,21.33471],[-106.25653,21.33455],[-106.25641,21.33438],[-106.25625,21.33424],[-106.25604,21.3342],[-106.25566,21.33421],[-106.25545,21.33423],[-106.25523,21.33403],[-106.25516,21.33391],[-106.25496,21.33381],[-106.25468,21.33379],[-106.25448,21.33376],[-106.2542,21.33365],[-106.25399,21.33356],[-106.25379,21.33345],[-106.25359,21.33333],[-106.25345,21.33321],[-106.25318,21.33308],[-106.25301,21.33304],[-106.2528,21.33299],[-106.25244,21.33294],[-106.25208,21.33287],[-106.25183,21.33287],[-106.25147,21.33283],[-106.25111,21.33281],[-106.25069,21.33286],[-106.25036,21.33295],[-106.25015,21.33297],[-106.24996,21.33291],[-106.24979,21.3329],[-106.24949,21.33285],[-106.24911,21.33292],[-106.2487,21.33292],[-106.24846,21.33293],[-106.24828,21.33306],[-106.24809,21.33316],[-106.24789,21.33323],[-106.24758,21.33324],[-106.24725,21.33314],[-106.24704,21.33309],[-106.2467,21.33309],[-106.2463,21.33303],[-106.24598,21.33299],[-106.24576,21.33299],[-106.24546,21.33298],[-106.24523,21.3329],[-106.24505,21.33279],[-106.24478,21.33275],[-106.2445,21.33277],[-106.24425,21.33277],[-106.24409,21.33278],[-106.2438,21.33282],[-106.24347,21.33284],[-106.24319,21.33285],[-106.24286,21.3328],[-106.24252,21.33278],[-106.24229,21.33284],[-106.24201,21.33285],[-106.24169,21.33284],[-106.24142,21.33285],[-106.24121,21.33291],[-106.24081,21.33291],[-106.24058,21.33295],[-106.24025,21.33302],[-106.23995,21.33308],[-106.23972,21.33311],[-106.23972,21.33297],[-106.23972,21.33286],[-106.23963,21.33272],[-106.23954,21.3326],[-106.23943,21.3325],[-106.23932,21.33239],[-106.23899,21.33219],[-106.23881,21.33211],[-106.23866,21.33206],[-106.23844,21.33195],[-106.23824,21.33177],[-106.23815,21.33163],[-106.23811,21.33158],[-106.23791,21.33151],[-106.23767,21.33141],[-106.23744,21.33139],[-106.23702,21.33138],[-106.23662,21.33138],[-106.23608,21.33142],[-106.23574,21.33153],[-106.23536,21.33169],[-106.23509,21.33183],[-106.23493,21.33209],[-106.23484,21.33226],[-106.23477,21.33235],[-106.23467,21.33239],[-106.23443,21.3324],[-106.23415,21.3324],[-106.2339,21.33245],[-106.23356,21.33256],[-106.23321,21.33267],[-106.23288,21.33285],[-106.23257,21.333],[-106.2323,21.33307],[-106.23204,21.33315],[-106.2318,21.33332],[-106.23171,21.33346],[-106.23169,21.33375],[-106.23172,21.33401],[-106.2319,21.33435],[-106.23209,21.3346],[-106.23212,21.33481],[-106.23214,21.33494],[-106.23215,21.33511],[-106.23216,21.33528],[-106.23225,21.33546],[-106.23235,21.33557],[-106.23239,21.33569],[-106.23213,21.3358],[-106.23198,21.33581],[-106.23185,21.33575],[-106.23163,21.33559],[-106.23158,21.33549],[-106.23159,21.33529],[-106.23161,21.33507],[-106.23155,21.33495],[-106.23137,21.33472],[-106.23121,21.33458],[-106.23108,21.33448],[-106.23089,21.33436],[-106.23071,21.33429],[-106.23036,21.33415],[-106.22988,21.33396],[-106.2296,21.33382],[-106.22939,21.33365],[-106.22824,21.3327],[-106.22814,21.33259]],[[-106.43467,21.49424],[-106.43438,21.49393],[-106.43361,21.49246],[-106.43279,21.49213],[-106.43192,21.49179],[-106.43104,21.49174],[-106.42996,21.49122],[-106.42861,21.49071],[-106.42842,21.49067],[-106.42764,21.49051],[-106.42629,21.49042],[-106.42578,21.49039],[-106.42551,21.49044],[-106.42497,21.49056],[-106.42449,21.49054],[-106.42406,21.48992],[-106.42409,21.48936],[-106.42385,21.48884],[-106.42285,21.48847],[-106.42206,21.48819],[-106.42033,21.48788],[-106.41957,21.48788],[-106.41865,21.48787],[-106.417,21.48805],[-106.41668,21.48809],[-106.41627,21.48824],[-106.4152,21.48862],[-106.41488,21.48866],[-106.41369,21.48831],[-106.41336,21.48747],[-106.41316,21.48693],[-106.41305,21.48665],[-106.41219,21.48619],[-106.41074,21.486],[-106.40882,21.4859],[-106.40702,21.48597],[-106.40528,21.48611],[-106.40465,21.48569],[-106.40374,21.48457],[-106.40302,21.48383],[-106.40121,21.48334],[-106.39875,21.48314],[-106.39769,21.48314],[-106.39668,21.48314],[-106.39587,21.48324],[-106.39531,21.48331],[-106.39348,21.48334],[-106.39066,21.48332],[-106.38974,21.48333],[-106.38704,21.48311],[-106.38155,21.48312],[-106.37913,21.48313],[-106.37706,21.48299],[-106.37601,21.48282],[-106.37495,21.48265],[-106.37432,21.48245],[-106.37338,21.48215],[-106.37194,21.48152],[-106.3712,21.48068],[-106.37087,21.4798],[-106.37069,21.47781],[-106.37033,21.47548],[-106.37029,21.47534],[-106.36977,21.47355],[-106.36917,21.4724],[-106.36884,21.47177],[-106.36866,21.47152],[-106.36843,21.4712],[-106.36758,21.47029],[-106.36757,21.47028],[-106.36702,21.46969],[-106.36652,21.46891],[-106.36613,21.46829],[-106.36483,21.46623],[-106.36443,21.46592],[-106.36442,21.46592],[-106.3627,21.46457],[-106.36166,21.46351],[-106.35987,21.46043],[-106.35938,21.45901],[-106.3596,21.45859],[-106.35977,21.45827],[-106.359,21.45698],[-106.35854,21.45589],[-106.35864,21.45527],[-106.36089,21.45603],[-106.36182,21.45612],[-106.36421,21.45565],[-106.36673,21.45559],[-106.36882,21.45453],[-106.36984,21.45365],[-106.37153,21.45293],[-106.37189,21.45267],[-106.3729,21.45195],[-106.37521,21.45112],[-106.37655,21.45059],[-106.37666,21.45053],[-106.37691,21.45036],[-106.37827,21.44964],[-106.37948,21.44909],[-106.37951,21.44906],[-106.38033,21.4484],[-106.38067,21.44762],[-106.3809,21.44642],[-106.38099,21.44558],[-106.38171,21.44445],[-106.3819,21.44374],[-106.38248,21.44306],[-106.38258,21.44257],[-106.38228,21.44132],[-106.38239,21.44118],[-106.38324,21.43988],[-106.38368,21.43862],[-106.38314,21.4377],[-106.38294,21.43737],[-106.38297,21.43711],[-106.38307,21.43633],[-106.3842,21.43477],[-106.38443,21.4339],[-106.38447,21.43374],[-106.38488,21.43316],[-106.38546,21.43283],[-106.38604,21.43224],[-106.38629,21.43183],[-106.38649,21.4315],[-106.38655,21.43082],[-106.38554,21.42976],[-106.38538,21.42818],[-106.38682,21.42658],[-106.38774,21.42525],[-106.38805,21.42505],[-106.38832,21.42421],[-106.38783,21.42367],[-106.38704,21.42318],[-106.38709,21.42287],[-106.38713,21.42259],[-106.38633,21.42176],[-106.3859,21.4217],[-106.38543,21.42163],[-106.38529,21.42143],[-106.38517,21.42127],[-106.38532,21.42105],[-106.38618,21.42073],[-106.38631,21.41998],[-106.38637,21.41975],[-106.38717,21.41946],[-106.38766,21.41962],[-106.38793,21.41971],[-106.38837,21.41971],[-106.38862,21.4197],[-106.38914,21.41938],[-106.38976,21.41947],[-106.39015,21.42024],[-106.39029,21.4205],[-106.3907,21.42069],[-106.39146,21.4201],[-106.39159,21.41978],[-106.39207,21.41968],[-106.39239,21.41983],[-106.39319,21.42089],[-106.39399,21.42134],[-106.39402,21.42134],[-106.39461,21.4214],[-106.39526,21.4212],[-106.39561,21.4211],[-106.39595,21.42068],[-106.39643,21.42035],[-106.39664,21.42004],[-106.39674,21.41989],[-106.39706,21.42013],[-106.39757,21.4205],[-106.3981,21.42109],[-106.39841,21.42123],[-106.39904,21.42152],[-106.39951,21.42135],[-106.39965,21.42129],[-106.39993,21.42122],[-106.40114,21.42163],[-106.40149,21.4213],[-106.40211,21.42192],[-106.40291,21.42233],[-106.40378,21.42297],[-106.40468,21.42316],[-106.40633,21.42302],[-106.40681,21.42292],[-106.40749,21.42322],[-106.4079,21.42433],[-106.4088,21.42478],[-106.40922,21.4248],[-106.40987,21.42483],[-106.41025,21.42467],[-106.412,21.4231],[-106.41258,21.42284],[-106.41286,21.42315],[-106.41303,21.42335],[-106.41315,21.4241],[-106.41343,21.42487],[-106.41384,21.4253],[-106.41406,21.42554],[-106.41464,21.42544],[-106.41482,21.42567],[-106.41438,21.42644],[-106.41432,21.42729],[-106.4148,21.4278],[-106.41581,21.42812],[-106.41615,21.42792],[-106.41604,21.4275],[-106.41642,21.42717],[-106.4177,21.42716],[-106.41811,21.42716],[-106.41822,21.42741],[-106.41788,21.42774],[-106.41769,21.42939],[-106.41812,21.43047],[-106.41848,21.43062],[-106.4187,21.4307],[-106.42021,21.43087],[-106.42067,21.43101],[-106.42098,21.43111],[-106.42108,21.43167],[-106.42112,21.43188],[-106.4216,21.43248],[-106.42209,21.43287],[-106.42289,21.43247],[-106.4235,21.43325],[-106.42437,21.43333],[-106.42466,21.43309],[-106.42485,21.43269],[-106.42511,21.43275],[-106.42511,21.43302],[-106.42551,21.43352],[-106.42567,21.43372],[-106.42599,21.43419],[-106.42698,21.4343],[-106.42798,21.43474],[-106.42902,21.43542],[-106.42949,21.43547],[-106.42982,21.4355],[-106.43101,21.436],[-106.43162,21.43606],[-106.43206,21.4361],[-106.43245,21.43636],[-106.43325,21.43636],[-106.43357,21.43644],[-106.43392,21.43662],[-106.43461,21.43698],[-106.43609,21.43723],[-106.43679,21.43723],[-106.43811,21.43704],[-106.43919,21.43703],[-106.43921,21.43703],[-106.4401,21.43702],[-106.44074,21.43728],[-106.442,21.43745],[-106.44363,21.43678],[-106.44357,21.4364],[-106.44376,21.43628],[-106.44384,21.43623],[-106.44419,21.43654],[-106.44409,21.43605],[-106.44427,21.43595],[-106.4445,21.4361],[-106.4446,21.43621],[-106.44479,21.43641],[-106.44502,21.43613],[-106.44492,21.43553],[-106.44516,21.43559],[-106.44531,21.43562],[-106.44564,21.43589],[-106.44528,21.43593],[-106.44541,21.43624],[-106.44502,21.43648],[-106.44489,21.43697],[-106.44486,21.43722],[-106.44523,21.43719],[-106.4453,21.43728],[-106.44547,21.43749],[-106.44529,21.43803],[-106.44502,21.43803],[-106.44493,21.43878],[-106.44537,21.43967],[-106.44614,21.4406],[-106.44672,21.44156],[-106.44822,21.4424],[-106.44881,21.44287],[-106.44915,21.44297],[-106.44934,21.443],[-106.44975,21.44307],[-106.45015,21.44241],[-106.45033,21.44256],[-106.45078,21.4422],[-106.45047,21.44286],[-106.45052,21.44315],[-106.45111,21.44354],[-106.45212,21.44398],[-106.4531,21.44409],[-106.45363,21.44404],[-106.45446,21.44427],[-106.45491,21.44426],[-106.45544,21.44346],[-106.45601,21.44327],[-106.456,21.44378],[-106.45592,21.4444],[-106.45571,21.44453],[-106.45607,21.4452],[-106.45654,21.4446],[-106.45672,21.44471],[-106.45666,21.44512],[-106.45683,21.44566],[-106.45854,21.44623],[-106.45859,21.44625],[-106.45915,21.44619],[-106.45969,21.44613],[-106.45986,21.44591],[-106.45995,21.44579],[-106.46,21.44621],[-106.46035,21.44633],[-106.46037,21.44649],[-106.46039,21.44666],[-106.46066,21.44637],[-106.46081,21.44638],[-106.4608,21.44663],[-106.46096,21.44674],[-106.46088,21.44718],[-106.4611,21.44778],[-106.46201,21.44868],[-106.46369,21.44958],[-106.46691,21.45064],[-106.46739,21.45081],[-106.46876,21.45128],[-106.46928,21.45138],[-106.46998,21.45151],[-106.47061,21.45167],[-106.47214,21.45183],[-106.47266,21.45198],[-106.4729,21.45192],[-106.4733,21.45182],[-106.47378,21.45181],[-106.47479,21.4518],[-106.47576,21.45155],[-106.47598,21.45149],[-106.47792,21.45146],[-106.478,21.45126],[-106.47805,21.45112],[-106.47836,21.45053],[-106.4786,21.45078],[-106.47916,21.4504],[-106.47905,21.44996],[-106.47919,21.44998],[-106.47934,21.45],[-106.47943,21.45067],[-106.48009,21.44976],[-106.48012,21.44954],[-106.48031,21.44961],[-106.48021,21.45016],[-106.47992,21.45046],[-106.47969,21.45069],[-106.47984,21.45087],[-106.48043,21.45049],[-106.48079,21.45034],[-106.48074,21.45053],[-106.48014,21.45156],[-106.47961,21.45211],[-106.48008,21.45285],[-106.48023,21.45324],[-106.48031,21.45345],[-106.48076,21.45387],[-106.4819,21.45384],[-106.4824,21.45359],[-106.48249,21.45349],[-106.48284,21.45311],[-106.48317,21.45283],[-106.48336,21.45267],[-106.48353,21.45263],[-106.48334,21.45293],[-106.48266,21.45383],[-106.48262,21.45502],[-106.48299,21.45552],[-106.48352,21.45534],[-106.48389,21.45533],[-106.48417,21.45586],[-106.48378,21.45599],[-106.48333,21.45662],[-106.48368,21.45716],[-106.48368,21.45717],[-106.48405,21.45772],[-106.48441,21.45856],[-106.48476,21.45842],[-106.48485,21.4584],[-106.48498,21.45838],[-106.48491,21.45902],[-106.48506,21.45969],[-106.48516,21.46013],[-106.48604,21.46098],[-106.4871,21.46171],[-106.48831,21.46205],[-106.48868,21.46196],[-106.48898,21.46174],[-106.48908,21.46167],[-106.48914,21.46183],[-106.48873,21.46255],[-106.48948,21.46314],[-106.4897,21.4641],[-106.49025,21.46566],[-106.49036,21.46574],[-106.49066,21.46594],[-106.49239,21.46639],[-106.49376,21.46589],[-106.49389,21.46605],[-106.49401,21.4662],[-106.49382,21.46683],[-106.4936,21.4675],[-106.4936,21.46752],[-106.49289,21.46828],[-106.49226,21.46854],[-106.49253,21.46878],[-106.49266,21.4689],[-106.49214,21.46948],[-106.49196,21.4699],[-106.49097,21.47069],[-106.49048,21.47109],[-106.49011,21.47139],[-106.4895,21.47186],[-106.48938,21.47202],[-106.48919,21.4723],[-106.4887,21.4726],[-106.48845,21.47275],[-106.48766,21.4729],[-106.48709,21.47389],[-106.48649,21.47512],[-106.48593,21.47582],[-106.48537,21.4765],[-106.48523,21.47678],[-106.48498,21.47724],[-106.48436,21.47808],[-106.48393,21.47897],[-106.48399,21.47941],[-106.48403,21.47979],[-106.48376,21.48011],[-106.48345,21.48036],[-106.48281,21.47997],[-106.4824,21.47941],[-106.48177,21.47922],[-106.48092,21.47991],[-106.48022,21.48062],[-106.4793,21.48124],[-106.47788,21.48186],[-106.47696,21.48181],[-106.47669,21.4819],[-106.47418,21.48339],[-106.47234,21.48398],[-106.47109,21.48539],[-106.47069,21.48626],[-106.46882,21.48714],[-106.46824,21.48753],[-106.46759,21.48835],[-106.46737,21.48893],[-106.46629,21.48983],[-106.46628,21.48984],[-106.4654,21.49077],[-106.46486,21.49075],[-106.46442,21.49073],[-106.46305,21.49203],[-106.46177,21.49342],[-106.46054,21.49455],[-106.46029,21.49458],[-106.46026,21.49459],[-106.45997,21.49478],[-106.45875,21.49524],[-106.4583,21.49534],[-106.4579,21.49521],[-106.45759,21.49471],[-106.45692,21.49444],[-106.45677,21.49427],[-106.45654,21.49402],[-106.4565,21.494],[-106.45615,21.49383],[-106.45529,21.49368],[-106.45473,21.49367],[-106.45472,21.49367],[-106.45428,21.49367],[-106.45398,21.4936],[-106.45305,21.49338],[-106.45216,21.49337],[-106.4515,21.49336],[-106.45107,21.49335],[-106.44997,21.49349],[-106.44898,21.4937],[-106.44707,21.49402],[-106.44683,21.49396],[-106.4461,21.49378],[-106.44503,21.49382],[-106.44209,21.49489],[-106.44071,21.49581],[-106.44062,21.49592],[-106.44001,21.4966],[-106.43973,21.49711],[-106.43905,21.4975],[-106.43808,21.49766],[-106.43763,21.49759],[-106.43696,21.49711],[-106.43639,21.49694],[-106.43619,21.49639],[-106.43606,21.49607],[-106.43554,21.49557],[-106.43484,21.49443],[-106.43467,21.49424]],[[-106.65335,21.69345],[-106.65083,21.69368],[-106.64847,21.69358],[-106.6475,21.69363],[-106.64676,21.6937],[-106.64536,21.69394],[-106.64409,21.6945],[-106.6435,21.69382],[-106.64113,21.6932],[-106.63996,21.69331],[-106.63937,21.69316],[-106.63734,21.69276],[-106.63596,21.69257],[-106.63468,21.69247],[-106.63353,21.69255],[-106.63025,21.69233],[-106.62971,21.69222],[-106.62832,21.6919],[-106.62712,21.69187],[-106.62659,21.69185],[-106.62654,21.69183],[-106.62515,21.69026],[-106.62344,21.68883],[-106.61855,21.68928],[-106.61526,21.68988],[-106.61377,21.69027],[-106.6111,21.69074],[-106.61007,21.69096],[-106.60785,21.69166],[-106.60757,21.6915],[-106.60688,21.6905],[-106.60521,21.69002],[-106.60114,21.69051],[-106.6007,21.69051],[-106.599,21.69052],[-106.59786,21.68941],[-106.59782,21.68894],[-106.59717,21.68728],[-106.59696,21.68658],[-106.59675,21.68648],[-106.59412,21.68587],[-106.59149,21.68554],[-106.58853,21.68508],[-106.58792,21.68506],[-106.5848,21.68424],[-106.5827,21.68408],[-106.58169,21.68377],[-106.58027,21.68278],[-106.57757,21.6823],[-106.57538,21.68196],[-106.57511,21.68192],[-106.57418,21.6805],[-106.57359,21.67989],[-106.57268,21.67961],[-106.57127,21.67859],[-106.56871,21.67785],[-106.56725,21.67684],[-106.56647,21.67551],[-106.56472,21.67522],[-106.56328,21.67449],[-106.56205,21.67355],[-106.56011,21.67311],[-106.55877,21.67195],[-106.55746,21.67137],[-106.5542,21.67093],[-106.55053,21.66977],[-106.54826,21.66815],[-106.54698,21.66761],[-106.54601,21.66675],[-106.54517,21.66595],[-106.5452,21.66587],[-106.54536,21.66548],[-106.54226,21.66327],[-106.53986,21.66093],[-106.53873,21.65955],[-106.53631,21.65808],[-106.53509,21.65516],[-106.53486,21.65319],[-106.53619,21.65113],[-106.53746,21.64926],[-106.53775,21.64855],[-106.53889,21.64563],[-106.53929,21.64439],[-106.53932,21.643],[-106.53924,21.64268],[-106.53918,21.64241],[-106.53915,21.64228],[-106.53879,21.64091],[-106.53872,21.63842],[-106.53857,21.63707],[-106.53849,21.63671],[-106.53821,21.63561],[-106.53819,21.63548],[-106.53776,21.63429],[-106.53651,21.63431],[-106.53609,21.63447],[-106.53589,21.63469],[-106.53618,21.63524],[-106.5357,21.63452],[-106.53606,21.6344],[-106.53649,21.63423],[-106.53727,21.63308],[-106.53721,21.63299],[-106.53694,21.63258],[-106.53593,21.63138],[-106.53502,21.63029],[-106.53468,21.62978],[-106.53445,21.62952],[-106.53406,21.62914],[-106.53352,21.62859],[-106.53169,21.62719],[-106.52908,21.62528],[-106.52716,21.62369],[-106.52662,21.62255],[-106.5265,21.62149],[-106.52352,21.61796],[-106.52334,21.61783],[-106.52108,21.61628],[-106.51993,21.61559],[-106.51753,21.61307],[-106.51777,21.61228],[-106.51714,21.61155],[-106.516,21.61076],[-106.51572,21.61056],[-106.51464,21.60919],[-106.51459,21.60815],[-106.51356,21.60614],[-106.51264,21.60557],[-106.51147,21.60487],[-106.50991,21.60452],[-106.50926,21.60424],[-106.50649,21.60395],[-106.5057,21.60335],[-106.50688,21.60229],[-106.50913,21.60073],[-106.51206,21.59745],[-106.51299,21.59569],[-106.51373,21.59381],[-106.51562,21.58593],[-106.51554,21.58013],[-106.51406,21.57492],[-106.51261,21.57278],[-106.51224,21.57144],[-106.51185,21.57046],[-106.51234,21.57033],[-106.5151,21.57115],[-106.51752,21.57003],[-106.52006,21.56828],[-106.52129,21.56624],[-106.5213,21.56438],[-106.52076,21.56338],[-106.52077,21.56306],[-106.52126,21.56094],[-106.52273,21.56042],[-106.52378,21.55957],[-106.52604,21.55875],[-106.528,21.55748],[-106.52897,21.55646],[-106.52906,21.5557],[-106.52953,21.55424],[-106.53083,21.5529],[-106.53245,21.55187],[-106.53352,21.55086],[-106.53309,21.54764],[-106.53266,21.54677],[-106.5323,21.54567],[-106.53216,21.54495],[-106.5327,21.54441],[-106.53482,21.54485],[-106.53724,21.54493],[-106.53896,21.5448],[-106.54072,21.5438],[-106.54168,21.54431],[-106.54204,21.54561],[-106.5424,21.54636],[-106.542,21.54735],[-106.54147,21.54873],[-106.54112,21.54973],[-106.54085,21.55055],[-106.54046,21.55087],[-106.53964,21.55052],[-106.53889,21.55095],[-106.53834,21.5518],[-106.5374,21.55424],[-106.53844,21.55702],[-106.53954,21.55814],[-106.54109,21.55928],[-106.54235,21.55984],[-106.54264,21.55996],[-106.54455,21.56167],[-106.54718,21.56371],[-106.5488,21.56399],[-106.54961,21.56303],[-106.55052,21.56232],[-106.55149,21.56162],[-106.55229,21.56169],[-106.55319,21.56288],[-106.55322,21.56336],[-106.55312,21.56385],[-106.55294,21.56526],[-106.55421,21.56546],[-106.55486,21.56557],[-106.55574,21.56588],[-106.55654,21.56596],[-106.55767,21.56623],[-106.55831,21.56613],[-106.55881,21.56538],[-106.55894,21.56463],[-106.55943,21.5652],[-106.55953,21.566],[-106.56091,21.56769],[-106.5619,21.56794],[-106.56262,21.56747],[-106.56284,21.5676],[-106.56327,21.56818],[-106.56334,21.56815],[-106.56361,21.56802],[-106.564,21.56853],[-106.56531,21.56819],[-106.56603,21.56885],[-106.56612,21.56894],[-106.56692,21.56931],[-106.5684,21.56989],[-106.5692,21.57063],[-106.57133,21.57154],[-106.57296,21.57207],[-106.57463,21.57221],[-106.57626,21.57352],[-106.57898,21.57418],[-106.58086,21.57496],[-106.58295,21.57578],[-106.58484,21.57629],[-106.58536,21.57652],[-106.58684,21.57685],[-106.58918,21.57824],[-106.59149,21.57841],[-106.59205,21.57866],[-106.59281,21.57941],[-106.59399,21.57989],[-106.59544,21.5807],[-106.59696,21.58111],[-106.59864,21.58197],[-106.60127,21.5838],[-106.60253,21.58466],[-106.60324,21.58472],[-106.60429,21.58524],[-106.60471,21.58616],[-106.60596,21.58651],[-106.60727,21.58722],[-106.60852,21.58804],[-106.61106,21.5889],[-106.61219,21.59009],[-106.61359,21.59073],[-106.61465,21.59131],[-106.61623,21.59286],[-106.61717,21.59323],[-106.61768,21.59303],[-106.61895,21.59311],[-106.6204,21.59379],[-106.62207,21.59535],[-106.62223,21.59544],[-106.62483,21.59703],[-106.6257,21.5975],[-106.62832,21.5984],[-106.62881,21.59848],[-106.62895,21.59859],[-106.62898,21.59884],[-106.62921,21.60028],[-106.63011,21.60105],[-106.63073,21.60242],[-106.62906,21.60449],[-106.62828,21.60571],[-106.62796,21.608],[-106.62767,21.609],[-106.6278,21.61075],[-106.62773,21.61223],[-106.62849,21.613],[-106.62826,21.61447],[-106.62856,21.61615],[-106.62917,21.61741],[-106.6301,21.61963],[-106.6316,21.62151],[-106.63253,21.62187],[-106.63369,21.62382],[-106.63499,21.6257],[-106.63567,21.62628],[-106.63671,21.62653],[-106.63716,21.62787],[-106.63664,21.62875],[-106.63809,21.63043],[-106.63869,21.63111],[-106.63968,21.63252],[-106.64111,21.63484],[-106.64131,21.63505],[-106.64133,21.63684],[-106.6418,21.6386],[-106.64189,21.63912],[-106.64226,21.64081],[-106.64239,21.6413],[-106.64392,21.64404],[-106.64612,21.64523],[-106.64715,21.64682],[-106.64938,21.64942],[-106.65138,21.65149],[-106.65212,21.65262],[-106.65261,21.65383],[-106.65355,21.65477],[-106.65449,21.65579],[-106.65608,21.65587],[-106.65553,21.65738],[-106.65374,21.6579],[-106.65307,21.65767],[-106.65225,21.65787],[-106.65077,21.65941],[-106.64867,21.66059],[-106.64764,21.66241],[-106.6472,21.66383],[-106.64687,21.66958],[-106.64714,21.6731],[-106.64806,21.67733],[-106.649,21.67986],[-106.65028,21.68219],[-106.65262,21.68512],[-106.65375,21.68667],[-106.65731,21.6893],[-106.65925,21.6914],[-106.66056,21.69254],[-106.66016,21.69371],[-106.65856,21.69322],[-106.65719,21.69365],[-106.65665,21.69416],[-106.65595,21.69498],[-106.65494,21.69532],[-106.65456,21.69403],[-106.65398,21.69352],[-106.65335,21.69345]],[[-105.28201,21.73059],[-105.2826,21.72571],[-105.27337,21.72363],[-105.26827,21.72171],[-105.26523,21.72029],[-105.26188,21.71872],[-105.25904,21.71739],[-105.25753,21.71545],[-105.26056,21.71208],[-105.26117,21.7088],[-105.25605,21.705],[-105.2506,21.70112],[-105.24418,21.70176],[-105.24042,21.70678],[-105.23581,21.70797],[-105.23439,21.70228],[-105.23626,21.69755],[-105.23499,21.69485],[-105.23028,21.69177],[-105.22984,21.68818],[-105.22425,21.68886],[-105.22247,21.69062],[-105.22058,21.6921],[-105.22035,21.69427],[-105.21772,21.69673],[-105.21275,21.69842],[-105.20933,21.69935],[-105.20736,21.69707],[-105.20472,21.69596],[-105.20049,21.69777],[-105.19837,21.69856],[-105.19489,21.69815],[-105.18998,21.69926],[-105.18799,21.6991],[-105.1865,21.69656],[-105.18479,21.69721],[-105.18202,21.69719],[-105.17846,21.69723],[-105.17568,21.69515],[-105.16978,21.69616],[-105.16688,21.69248],[-105.14714,21.70124],[-105.14041,21.70417],[-105.13523,21.70038],[-105.10556,21.67647],[-105.09491,21.67662],[-105.09046,21.6756],[-105.07967,21.67589],[-105.07663,21.67408],[-105.07641,21.66761],[-105.07636,21.65639],[-105.07974,21.65175],[-105.08286,21.64552],[-105.08271,21.63382],[-105.08253,21.62181],[-105.0585,21.59863],[-105.055,21.58243],[-105.05773,21.56929],[-105.04929,21.55198],[-105.0569,21.54631],[-105.06266,21.54048],[-105.06292,21.53741],[-105.0639,21.53248],[-105.04601,21.50036],[-105.0329,21.4921],[-105.02656,21.48444],[-105.04666,21.45866],[-105.05325,21.45835],[-105.0559,21.45829],[-105.0586,21.45885],[-105.05919,21.45896],[-105.0649,21.45623],[-105.06857,21.45572],[-105.0715,21.4547],[-105.07273,21.45492],[-105.07425,21.45463],[-105.07652,21.45433],[-105.0797,21.45311],[-105.0827,21.45393],[-105.0843,21.45305],[-105.08582,21.4522],[-105.08845,21.4512],[-105.08799,21.44963],[-105.08918,21.44841],[-105.09175,21.44788],[-105.09313,21.44302],[-105.09458,21.43912],[-105.09419,21.42803],[-105.09572,21.41871],[-105.09725,21.40571],[-105.10665,21.3952],[-105.11698,21.39094],[-105.12234,21.39181],[-105.13893,21.38879],[-105.1458,21.37722],[-105.1499,21.36882],[-105.14954,21.35585],[-105.18523,21.34783],[-105.19385,21.34495],[-105.20752,21.3401],[-105.21266,21.34949],[-105.20444,21.35362],[-105.20232,21.35515],[-105.1996,21.3576],[-105.20132,21.35923],[-105.19994,21.36164],[-105.19591,21.36205],[-105.19064,21.36469],[-105.18996,21.36842],[-105.19251,21.37012],[-105.19519,21.37064],[-105.19995,21.37005],[-105.20319,21.37037],[-105.20593,21.37047],[-105.21249,21.37273],[-105.21555,21.37332],[-105.22394,21.36886],[-105.22766,21.36696],[-105.23954,21.36187],[-105.23901,21.36239],[-105.23755,21.36353],[-105.23745,21.37021],[-105.23876,21.37151],[-105.23815,21.37248],[-105.23431,21.37225],[-105.23209,21.37231],[-105.22992,21.37613],[-105.22937,21.37877],[-105.22917,21.3834],[-105.22996,21.38528],[-105.23077,21.38598],[-105.22895,21.38673],[-105.22622,21.38543],[-105.22213,21.3854],[-105.22084,21.38703],[-105.21944,21.38979],[-105.21832,21.39644],[-105.21867,21.40079],[-105.21948,21.40158],[-105.21956,21.40341],[-105.21938,21.40551],[-105.21847,21.40786],[-105.21736,21.41072],[-105.21531,21.412],[-105.21413,21.41483],[-105.2112,21.41678],[-105.20887,21.41811],[-105.2081,21.41983],[-105.20739,21.42165],[-105.20698,21.42333],[-105.20552,21.42474],[-105.20559,21.42767],[-105.20489,21.43013],[-105.20419,21.43036],[-105.2039,21.43377],[-105.20333,21.43402],[-105.20335,21.43555],[-105.20238,21.43647],[-105.20045,21.43684],[-105.19828,21.43669],[-105.19468,21.43642],[-105.1941,21.43687],[-105.19249,21.43992],[-105.19181,21.4406],[-105.19108,21.44219],[-105.19035,21.44337],[-105.18862,21.4452],[-105.18873,21.44974],[-105.1885,21.45408],[-105.1881,21.45751],[-105.18802,21.45895],[-105.18849,21.46075],[-105.19035,21.46523],[-105.19334,21.47017],[-105.19715,21.47536],[-105.20192,21.48162],[-105.20056,21.4826],[-105.19967,21.48463],[-105.19841,21.48645],[-105.19763,21.48842],[-105.19789,21.49098],[-105.20505,21.49984],[-105.20792,21.50212],[-105.2082,21.50203],[-105.20825,21.50239],[-105.21,21.50549],[-105.22047,21.51649],[-105.22636,21.52177],[-105.23359,21.52598],[-105.24003,21.5269],[-105.24714,21.52445],[-105.24825,21.52105],[-105.2486,21.51819],[-105.24738,21.51569],[-105.24692,21.51524],[-105.24823,21.5143],[-105.24847,21.51325],[-105.24802,21.51273],[-105.24896,21.51273],[-105.24999,21.51283],[-105.25004,21.51225],[-105.25047,21.51222],[-105.25158,21.51287],[-105.25177,21.51245],[-105.25261,21.51326],[-105.25272,21.51368],[-105.25567,21.51497],[-105.25704,21.51557],[-105.25986,21.5146],[-105.26064,21.51441],[-105.26073,21.51404],[-105.26209,21.51367],[-105.2627,21.51281],[-105.26369,21.51284],[-105.26474,21.51265],[-105.26496,21.51195],[-105.26591,21.51238],[-105.26862,21.51539],[-105.27609,21.52187],[-105.2817,21.52596],[-105.2843,21.52769],[-105.28765,21.52836],[-105.2885,21.52783],[-105.28987,21.5262],[-105.29061,21.52575],[-105.2955,21.53011],[-105.2997,21.53297],[-105.30923,21.53979],[-105.32584,21.55067],[-105.33083,21.55391],[-105.34454,21.56289],[-105.36008,21.57147],[-105.36952,21.57653],[-105.37866,21.58162],[-105.38161,21.58342],[-105.38616,21.58612],[-105.3909,21.58902],[-105.39421,21.59134],[-105.39798,21.59363],[-105.40087,21.59588],[-105.40527,21.59832],[-105.40724,21.59966],[-105.41085,21.60187],[-105.41385,21.60404],[-105.41696,21.60663],[-105.41978,21.60858],[-105.42151,21.61018],[-105.42468,21.61296],[-105.42681,21.61478],[-105.43108,21.61828],[-105.4343,21.62115],[-105.43799,21.62435],[-105.44037,21.62687],[-105.44025,21.64432],[-105.43338,21.65283],[-105.42351,21.64933],[-105.4234,21.64264],[-105.42444,21.64153],[-105.4251,21.63966],[-105.42845,21.62435],[-105.40853,21.63898],[-105.40843,21.64887],[-105.41327,21.64915],[-105.41711,21.65292],[-105.41937,21.65495],[-105.41951,21.65751],[-105.41977,21.66077],[-105.42221,21.66606],[-105.42108,21.66628],[-105.41563,21.66532],[-105.41257,21.66531],[-105.41054,21.66796],[-105.40742,21.66847],[-105.40346,21.6669],[-105.39566,21.67181],[-105.39081,21.6756],[-105.3841,21.67412],[-105.38009,21.67247],[-105.37496,21.67143],[-105.37238,21.67221],[-105.37032,21.6728],[-105.36901,21.67738],[-105.36373,21.6843],[-105.36369,21.68688],[-105.36361,21.68928],[-105.36269,21.69304],[-105.36101,21.69692],[-105.35615,21.69949],[-105.35241,21.70105],[-105.34054,21.7028],[-105.33637,21.70596],[-105.33358,21.70797],[-105.33206,21.70856],[-105.32972,21.70995],[-105.32708,21.71623],[-105.32115,21.71895],[-105.32235,21.71321],[-105.32003,21.708],[-105.31428,21.70641],[-105.30905,21.69839],[-105.30544,21.6961],[-105.29986,21.69704],[-105.29459,21.70248],[-105.29354,21.70411],[-105.29248,21.70562],[-105.2903,21.70824],[-105.28921,21.70969],[-105.28822,21.71106],[-105.28984,21.71255],[-105.29125,21.71777],[-105.29386,21.72455],[-105.29865,21.72962],[-105.3019,21.73456],[-105.29666,21.73568],[-105.29207,21.73535],[-105.28709,21.735],[-105.28221,21.73465],[-105.28201,21.73059]],[[-106.67321,21.77485],[-106.67271,21.77486],[-106.67254,21.77481],[-106.67242,21.77483],[-106.67244,21.77495],[-106.67235,21.77506],[-106.67226,21.77503],[-106.67221,21.77491],[-106.67225,21.77477],[-106.67199,21.77458],[-106.67182,21.77461],[-106.6716,21.77464],[-106.67151,21.77453],[-106.67163,21.77435],[-106.6717,21.77424],[-106.67161,21.77415],[-106.67143,21.77388],[-106.67154,21.77353],[-106.67147,21.77329],[-106.67112,21.77315],[-106.67099,21.77317],[-106.67061,21.77317],[-106.67038,21.77314],[-106.67017,21.77314],[-106.67003,21.77314],[-106.66981,21.77297],[-106.66982,21.7729],[-106.66985,21.77271],[-106.66968,21.77268],[-106.66972,21.77247],[-106.66979,21.77223],[-106.66974,21.772],[-106.66971,21.77188],[-106.6695,21.77175],[-106.66937,21.77171],[-106.66911,21.77149],[-106.66908,21.77129],[-106.66924,21.77116],[-106.66935,21.77116],[-106.66947,21.77097],[-106.66964,21.77065],[-106.66986,21.7704],[-106.66993,21.77032],[-106.67027,21.76999],[-106.67041,21.76951],[-106.67039,21.769],[-106.67035,21.76877],[-106.67037,21.76849],[-106.67017,21.76808],[-106.67004,21.76785],[-106.66979,21.76762],[-106.66937,21.76735],[-106.66889,21.76696],[-106.66869,21.76686],[-106.66819,21.76661],[-106.66808,21.76643],[-106.66823,21.76619],[-106.66835,21.76589],[-106.66838,21.76561],[-106.6686,21.7656],[-106.66887,21.76529],[-106.66897,21.76486],[-106.669,21.76399],[-106.66871,21.76345],[-106.66846,21.76305],[-106.66816,21.76232],[-106.66817,21.76188],[-106.66806,21.76179],[-106.66788,21.76165],[-106.66746,21.76134],[-106.66697,21.76088],[-106.6666,21.7604],[-106.66624,21.75987],[-106.66599,21.7593],[-106.6659,21.75902],[-106.66586,21.75884],[-106.66569,21.75822],[-106.66565,21.75797],[-106.66563,21.75729],[-106.66574,21.75659],[-106.66583,21.75586],[-106.66591,21.75563],[-106.66594,21.7554],[-106.66597,21.75498],[-106.66602,21.75456],[-106.66609,21.75371],[-106.66606,21.75292],[-106.66602,21.75231],[-106.66577,21.75176],[-106.66531,21.75097],[-106.66557,21.75033],[-106.66537,21.74972],[-106.66536,21.74934],[-106.66536,21.74906],[-106.66509,21.74846],[-106.66494,21.74837],[-106.66464,21.74814],[-106.66423,21.74767],[-106.66405,21.74739],[-106.66369,21.74675],[-106.66317,21.74596],[-106.663,21.74574],[-106.66276,21.7452],[-106.66258,21.74452],[-106.66222,21.74387],[-106.66154,21.74287],[-106.661,21.74238],[-106.66022,21.74178],[-106.65942,21.74121],[-106.65874,21.74081],[-106.65824,21.74051],[-106.65781,21.74003],[-106.65772,21.73945],[-106.65777,21.73919],[-106.65796,21.73892],[-106.65815,21.73869],[-106.65851,21.73823],[-106.65881,21.73781],[-106.65942,21.73731],[-106.66018,21.73715],[-106.66041,21.737],[-106.66058,21.73687],[-106.66079,21.73672],[-106.66135,21.73645],[-106.66202,21.73623],[-106.66219,21.736],[-106.6623,21.73575],[-106.6626,21.73523],[-106.66306,21.73514],[-106.66363,21.73502],[-106.66418,21.73457],[-106.66487,21.73411],[-106.66529,21.73367],[-106.66571,21.73345],[-106.66585,21.7334],[-106.66632,21.73324],[-106.66667,21.73317],[-106.66768,21.73285],[-106.66842,21.73253],[-106.66931,21.73194],[-106.66981,21.73154],[-106.67044,21.731],[-106.67061,21.73075],[-106.67124,21.7303],[-106.67186,21.72993],[-106.67219,21.72965],[-106.67338,21.72908],[-106.67398,21.72894],[-106.67467,21.72877],[-106.6749,21.72877],[-106.67538,21.72871],[-106.6762,21.72861],[-106.67637,21.7286],[-106.67696,21.7286],[-106.67783,21.72867],[-106.67796,21.72869],[-106.67862,21.72898],[-106.67953,21.7298],[-106.67975,21.73019],[-106.68021,21.73105],[-106.68082,21.73216],[-106.68115,21.73273],[-106.68128,21.73314],[-106.68145,21.73347],[-106.6819,21.73439],[-106.68205,21.73476],[-106.68219,21.73511],[-106.68241,21.73562],[-106.68257,21.73613],[-106.68264,21.73667],[-106.68288,21.73719],[-106.68312,21.73757],[-106.68332,21.73787],[-106.68374,21.73835],[-106.68417,21.73887],[-106.68446,21.7396],[-106.68489,21.74078],[-106.68534,21.74197],[-106.68578,21.74346],[-106.68602,21.74399],[-106.68642,21.74418],[-106.68676,21.74442],[-106.68686,21.74454],[-106.68691,21.74505],[-106.68703,21.74525],[-106.68727,21.74557],[-106.68746,21.74579],[-106.68749,21.74623],[-106.68745,21.7468],[-106.68748,21.74722],[-106.6876,21.74794],[-106.68754,21.74907],[-106.68753,21.74959],[-106.68748,21.74988],[-106.68742,21.75042],[-106.68724,21.75133],[-106.68684,21.75331],[-106.68662,21.75452],[-106.68646,21.75501],[-106.68635,21.7552],[-106.68593,21.75596],[-106.68581,21.7562],[-106.68572,21.75664],[-106.68605,21.75676],[-106.68635,21.75733],[-106.6867,21.75777],[-106.68683,21.75819],[-106.68711,21.75836],[-106.6873,21.75866],[-106.68729,21.75873],[-106.6872,21.75884],[-106.68711,21.75889],[-106.68705,21.75892],[-106.68699,21.75895],[-106.68699,21.75904],[-106.6871,21.75913],[-106.68717,21.75914],[-106.6874,21.75914],[-106.68763,21.75913],[-106.68772,21.75918],[-106.68773,21.75937],[-106.68765,21.7595],[-106.68762,21.75959],[-106.68757,21.75974],[-106.68748,21.75979],[-106.68736,21.7597],[-106.68725,21.75962],[-106.68723,21.75951],[-106.68715,21.75939],[-106.68702,21.75939],[-106.68695,21.75934],[-106.68672,21.75924],[-106.68669,21.75923],[-106.68664,21.75926],[-106.68657,21.75933],[-106.68648,21.75945],[-106.68641,21.75949],[-106.68618,21.75946],[-106.68617,21.75945],[-106.68607,21.75939],[-106.68596,21.75929],[-106.68583,21.75926],[-106.68565,21.75922],[-106.68557,21.75917],[-106.6854,21.75906],[-106.68521,21.75903],[-106.68503,21.75905],[-106.68489,21.75905],[-106.68486,21.75905],[-106.68484,21.75901],[-106.68468,21.75896],[-106.68455,21.75898],[-106.6844,21.75901],[-106.68426,21.75906],[-106.68417,21.75905],[-106.68402,21.75899],[-106.6837,21.75895],[-106.68333,21.75904],[-106.683,21.75893],[-106.68258,21.75874],[-106.68249,21.7587],[-106.68202,21.75858],[-106.68177,21.7586],[-106.68159,21.75899],[-106.68134,21.75956],[-106.68089,21.76077],[-106.68065,21.76168],[-106.68027,21.76294],[-106.6798,21.76419],[-106.6794,21.76521],[-106.67917,21.76578],[-106.67892,21.76638],[-106.67873,21.76677],[-106.67861,21.76696],[-106.67852,21.76723],[-106.67841,21.76762],[-106.67836,21.76827],[-106.67827,21.76867],[-106.67824,21.76904],[-106.67825,21.76915],[-106.6784,21.76952],[-106.67877,21.76975],[-106.67897,21.76988],[-106.67899,21.77003],[-106.67899,21.77007],[-106.6789,21.7702],[-106.67889,21.77049],[-106.67882,21.77075],[-106.6785,21.77134],[-106.67823,21.77181],[-106.6783,21.77221],[-106.6784,21.7723],[-106.67853,21.77241],[-106.67862,21.77266],[-106.67845,21.77265],[-106.67815,21.77276],[-106.67815,21.77284],[-106.67813,21.77293],[-106.67811,21.77306],[-106.67812,21.77328],[-106.67812,21.77331],[-106.67816,21.77347],[-106.67785,21.77349],[-106.67776,21.77332],[-106.67758,21.7732],[-106.6774,21.77317],[-106.67724,21.77326],[-106.67715,21.77346],[-106.67713,21.77365],[-106.67713,21.77382],[-106.6773,21.77407],[-106.67708,21.77412],[-106.67681,21.77407],[-106.67634,21.77407],[-106.67614,21.77421],[-106.67602,21.77425],[-106.67559,21.77427],[-106.67527,21.77428],[-106.67501,21.77427],[-106.67468,21.77413],[-106.67454,21.77406],[-106.67441,21.77425],[-106.67439,21.7743],[-106.67421,21.77441],[-106.6741,21.77453],[-106.67396,21.77447],[-106.67384,21.77453],[-106.6738,21.77465],[-106.67405,21.77476],[-106.67382,21.77496],[-106.6736,21.77501],[-106.67332,21.77509],[-106.67314,21.77508],[-106.67321,21.77485]]]}},{"type":"Feature","properties":{"CVEGEO":"18020","CVE_ENT":"18","CVE_MUN":"020","NOMGEO":"Bah\u00eda de Banderas"},"geometry":{"type":"Polygon","coordinates":[[[-105.02511,20.99937],[-104.98188,20.91474],[-104.99182,20.9209],[-105.00003,20.91313],[-105.00285,20.9128],[-105.00264,20.91677],[-105.01205,20.91862],[-105.02083,20.91612],[-105.02932,20.9093],[-105.03918,20.91345],[-105.03797,20.9267],[-105.0468,20.93428],[-105.05814,20.93093],[-105.06463,20.93172],[-105.07636,20.93014],[-105.08397,20.92636],[-105.08837,20.92246],[-105.09765,20.91972],[-105.09739,20.91586],[-105.10452,20.90955],[-105.10855,20.90659],[-105.11767,20.90031],[-105.12139,20.89447],[-105.13351,20.88826],[-105.14053,20.88272],[-105.14198,20.8748],[-105.15256,20.86905],[-105.15262,20.86221],[-105.16013,20.85623],[-105.15541,20.85306],[-105.16145,20.84513],[-105.16379,20.83504],[-105.16221,20.83035],[-105.16571,20.82542],[-105.17134,20.82108],[-105.17402,20.81361],[-105.17115,20.81121],[-105.16925,20.80449],[-105.17084,20.79605],[-105.16488,20.78667],[-105.16921,20.77705],[-105.17348,20.76772],[-105.18395,20.7719],[-105.19737,20.77652],[-105.20079,20.77307],[-105.20221,20.76679],[-105.2063,20.7639],[-105.21038,20.7664],[-105.21774,20.7626],[-105.22348,20.75567],[-105.22765,20.75228],[-105.23165,20.75029],[-105.23339,20.74828],[-105.23875,20.74814],[-105.23772,20.73873],[-105.23746,20.72671],[-105.24105,20.72612],[-105.24468,20.72659],[-105.2443,20.72076],[-105.24603,20.71432],[-105.24199,20.70633],[-105.25182,20.70503],[-105.25673,20.69759],[-105.26247,20.68963],[-105.26055,20.68647],[-105.26292,20.67939],[-105.26652,20.67987],[-105.27274,20.6838],[-105.27643,20.68278],[-105.27922,20.67853],[-105.27436,20.67562],[-105.27738,20.67212],[-105.28093,20.67321],[-105.281,20.67197],[-105.28472,20.67271],[-105.28572,20.67391],[-105.28859,20.67576],[-105.29202,20.68435],[-105.29575,20.68734],[-105.29623,20.68814],[-105.29701,20.69261],[-105.29871,20.69689],[-105.30339,20.70962],[-105.30699,20.71826],[-105.31248,20.72772],[-105.31667,20.73323],[-105.32171,20.73873],[-105.3284,20.74562],[-105.33614,20.75205],[-105.33996,20.75468],[-105.3466,20.75923],[-105.35319,20.76134],[-105.3587,20.76257],[-105.36176,20.76248],[-105.36418,20.76191],[-105.36529,20.75998],[-105.3658,20.75884],[-105.36886,20.75684],[-105.37009,20.755],[-105.37051,20.75426],[-105.37051,20.75364],[-105.36951,20.75362],[-105.36961,20.75311],[-105.37028,20.75308],[-105.37027,20.75321],[-105.36969,20.75184],[-105.37148,20.75119],[-105.37213,20.75103],[-105.37254,20.75108],[-105.37256,20.75108],[-105.37295,20.75106],[-105.37476,20.75141],[-105.37605,20.75128],[-105.37691,20.75034],[-105.37707,20.75015],[-105.37718,20.75016],[-105.37725,20.75047],[-105.37727,20.75076],[-105.37776,20.75082],[-105.37791,20.75053],[-105.37892,20.7504],[-105.37901,20.75013],[-105.37923,20.75006],[-105.37975,20.75001],[-105.38037,20.74988],[-105.38067,20.7495],[-105.381,20.74797],[-105.38032,20.74711],[-105.37954,20.74789],[-105.37742,20.74853],[-105.37805,20.74745],[-105.37695,20.7481],[-105.37675,20.74846],[-105.37668,20.74932],[-105.37667,20.74785],[-105.37696,20.74739],[-105.37896,20.74587],[-105.38077,20.74603],[-105.38603,20.74433],[-105.38676,20.74302],[-105.38789,20.7413],[-105.39114,20.73986],[-105.39236,20.73893],[-105.39432,20.73874],[-105.39682,20.73688],[-105.39838,20.73582],[-105.39952,20.73481],[-105.40194,20.73499],[-105.40272,20.73612],[-105.40396,20.73627],[-105.40668,20.73642],[-105.41118,20.7361],[-105.41227,20.73525],[-105.41866,20.73893],[-105.42666,20.74376],[-105.43269,20.74701],[-105.43998,20.74869],[-105.44177,20.74802],[-105.44205,20.74772],[-105.4421,20.7483],[-105.44458,20.74792],[-105.44738,20.74941],[-105.45435,20.75158],[-105.456,20.75166],[-105.45715,20.75271],[-105.45788,20.7525],[-105.45957,20.75135],[-105.46226,20.75332],[-105.46352,20.75405],[-105.46427,20.75505],[-105.46705,20.75568],[-105.46843,20.75554],[-105.47144,20.7551],[-105.47341,20.75414],[-105.47445,20.75331],[-105.47557,20.75223],[-105.47684,20.75388],[-105.47773,20.75453],[-105.48176,20.7546],[-105.48455,20.75792],[-105.48782,20.75935],[-105.49036,20.76156],[-105.4918,20.76264],[-105.49707,20.76576],[-105.50094,20.76763],[-105.50146,20.76692],[-105.50497,20.76966],[-105.50985,20.77156],[-105.51511,20.77151],[-105.51603,20.77002],[-105.51693,20.77049],[-105.51639,20.77007],[-105.51714,20.77088],[-105.51806,20.77126],[-105.51986,20.77099],[-105.51975,20.77016],[-105.52189,20.76935],[-105.52428,20.76771],[-105.52597,20.76639],[-105.52838,20.76482],[-105.52838,20.76197],[-105.53113,20.7615],[-105.53243,20.75777],[-105.53481,20.75744],[-105.53519,20.75857],[-105.53732,20.76126],[-105.53828,20.76269],[-105.5379,20.76691],[-105.53889,20.76994],[-105.53833,20.7719],[-105.53661,20.77358],[-105.53463,20.77596],[-105.53573,20.77739],[-105.53399,20.77655],[-105.53145,20.77925],[-105.53096,20.7806],[-105.53151,20.78166],[-105.53008,20.78424],[-105.52828,20.78685],[-105.52717,20.78835],[-105.52594,20.7894],[-105.52323,20.79071],[-105.52136,20.79126],[-105.51866,20.79005],[-105.51659,20.78815],[-105.5152,20.78644],[-105.51301,20.78556],[-105.51046,20.78277],[-105.50538,20.78323],[-105.50056,20.78595],[-105.49793,20.78766],[-105.49515,20.78901],[-105.48948,20.79443],[-105.48376,20.80283],[-105.4798,20.81019],[-105.47815,20.814],[-105.47659,20.81825],[-105.47628,20.81997],[-105.47596,20.82031],[-105.47408,20.82229],[-105.47332,20.82492],[-105.47154,20.82653],[-105.47201,20.8282],[-105.47002,20.82951],[-105.46977,20.83109],[-105.46912,20.83202],[-105.46798,20.83232],[-105.46618,20.83567],[-105.46544,20.83726],[-105.46571,20.8388],[-105.46566,20.84026],[-105.46437,20.84185],[-105.46288,20.84674],[-105.46255,20.85091],[-105.46232,20.85137],[-105.46154,20.85212],[-105.45983,20.85566],[-105.45841,20.85596],[-105.45708,20.85875],[-105.45578,20.86196],[-105.45443,20.86813],[-105.45447,20.86986],[-105.45412,20.87006],[-105.45362,20.87187],[-105.45294,20.87428],[-105.45118,20.87615],[-105.44975,20.87495],[-105.44978,20.87355],[-105.4482,20.87252],[-105.4459,20.87311],[-105.44519,20.87166],[-105.44434,20.87055],[-105.44052,20.87144],[-105.43664,20.8733],[-105.43052,20.88062],[-105.42713,20.88512],[-105.42373,20.89106],[-105.42147,20.89719],[-105.42022,20.89771],[-105.41851,20.89791],[-105.41669,20.90148],[-105.41277,20.90947],[-105.40991,20.91659],[-105.40915,20.91775],[-105.40829,20.91784],[-105.40591,20.92114],[-105.40445,20.92457],[-105.40204,20.93128],[-105.39879,20.93217],[-105.39731,20.93259],[-105.39306,20.93439],[-105.39073,20.93726],[-105.38856,20.93675],[-105.38608,20.93957],[-105.38382,20.94369],[-105.38148,20.94462],[-105.37861,20.94495],[-105.37456,20.94764],[-105.37247,20.95018],[-105.37073,20.9533],[-105.36823,20.95415],[-105.36717,20.95545],[-105.36634,20.95441],[-105.36255,20.95468],[-105.35825,20.95622],[-105.35526,20.95996],[-105.02511,20.99937]]]}},{"type":"Feature","properties":{"CVEGEO":"18002","CVE_ENT":"18","CVE_MUN":"002","NOMGEO":"Ahuacatl\u00e1n"},"geometry":{"type":"Polygon","coordinates":[[[-104.53831,21.17818],[-104.52401,21.17175],[-104.49506,21.15822],[-104.49226,21.15609],[-104.49824,21.11668],[-104.47997,21.11043],[-104.47073,21.10697],[-104.46795,21.10294],[-104.46699,21.09932],[-104.46641,21.0966],[-104.46531,21.09526],[-104.45998,21.08562],[-104.45889,21.07978],[-104.45831,21.07145],[-104.45148,21.07275],[-104.44868,21.07606],[-104.44828,21.07733],[-104.44693,21.07833],[-104.44186,21.07613],[-104.43816,21.07544],[-104.43842,21.07372],[-104.4396,21.07121],[-104.43912,21.06993],[-104.44026,21.0657],[-104.44059,21.06447],[-104.44128,21.06192],[-104.4414,21.05793],[-104.43667,21.05682],[-104.43333,21.05465],[-104.42688,21.05479],[-104.42453,21.05113],[-104.4237,21.0484],[-104.42278,21.04607],[-104.42494,21.04373],[-104.42887,21.04423],[-104.42948,21.04403],[-104.43202,21.04291],[-104.43393,21.04291],[-104.43536,21.04228],[-104.43628,21.04125],[-104.43661,21.04027],[-104.4362,21.03976],[-104.43567,21.03941],[-104.43516,21.03801],[-104.42953,21.03558],[-104.42364,21.03411],[-104.42207,21.03314],[-104.42288,21.03172],[-104.42145,21.03067],[-104.41924,21.02952],[-104.41816,21.0295],[-104.41486,21.0284],[-104.41146,21.02792],[-104.40926,21.02542],[-104.40711,21.02509],[-104.40631,21.02444],[-104.40634,21.02304],[-104.40632,21.0202],[-104.4059,21.01765],[-104.4073,21.01456],[-104.40797,21.01343],[-104.40857,21.01223],[-104.40924,21.01062],[-104.41124,21.01188],[-104.4174,21.01294],[-104.42458,21.0111],[-104.428,21.01128],[-104.43212,21.00786],[-104.43686,21.01014],[-104.43952,21.01134],[-104.44624,21.01282],[-104.44687,21.00104],[-104.44919,20.99798],[-104.44813,20.98781],[-104.46356,20.99351],[-104.48498,20.98753],[-104.50115,20.96717],[-104.54026,20.96698],[-104.54097,20.95048],[-104.54402,20.94875],[-104.54528,20.95019],[-104.54969,20.95111],[-104.55374,20.95248],[-104.56148,20.98682],[-104.60862,20.94256],[-104.61658,20.936],[-104.62709,20.92578],[-104.62956,20.92504],[-104.63331,20.92806],[-104.63377,20.93043],[-104.63717,20.93361],[-104.64224,20.93415],[-104.64587,20.93529],[-104.64762,20.93449],[-104.65236,20.93237],[-104.65895,20.93402],[-104.6601,20.93602],[-104.66142,20.94344],[-104.66433,20.94326],[-104.66976,20.94153],[-104.67378,20.94299],[-104.68193,20.94607],[-104.68266,20.94916],[-104.68173,20.95168],[-104.68067,20.95214],[-104.67895,20.95722],[-104.6849,20.96194],[-104.68805,20.96199],[-104.69305,20.9619],[-104.69765,20.96537],[-104.70494,20.96692],[-104.70857,20.97035],[-104.7071,20.9724],[-104.70894,20.97443],[-104.71382,20.97347],[-104.71596,20.97541],[-104.71583,20.98047],[-104.72743,20.98254],[-104.72783,20.98667],[-104.72617,20.99145],[-104.72617,20.99731],[-104.72625,21.00156],[-104.72576,21.00375],[-104.72613,21.00669],[-104.72838,21.00862],[-104.72983,21.01218],[-104.73166,21.01226],[-104.72717,21.01338],[-104.72392,21.01602],[-104.71881,21.02173],[-104.71979,21.02584],[-104.7214,21.02992],[-104.71346,21.03519],[-104.71156,21.0373],[-104.70763,21.04059],[-104.70285,21.041],[-104.70059,21.0407],[-104.69504,21.04648],[-104.69857,21.05026],[-104.6974,21.05211],[-104.69579,21.05808],[-104.69058,21.05912],[-104.68661,21.0622],[-104.68483,21.06732],[-104.67947,21.07068],[-104.67405,21.07439],[-104.67231,21.07604],[-104.66783,21.07787],[-104.66653,21.07818],[-104.65862,21.08381],[-104.6625,21.08664],[-104.66325,21.09004],[-104.66167,21.09544],[-104.66214,21.10028],[-104.6606,21.10269],[-104.65588,21.10661],[-104.65082,21.11213],[-104.65389,21.11406],[-104.65703,21.11607],[-104.66006,21.11734],[-104.66215,21.11902],[-104.66306,21.11899],[-104.66561,21.11976],[-104.66198,21.12226],[-104.65629,21.12625],[-104.64881,21.1314],[-104.64262,21.13157],[-104.641,21.13069],[-104.63716,21.12724],[-104.63374,21.12829],[-104.63166,21.13091],[-104.6309,21.13139],[-104.62889,21.13136],[-104.62772,21.1301],[-104.62638,21.12949],[-104.62459,21.13152],[-104.62249,21.13475],[-104.62214,21.13745],[-104.62091,21.13988],[-104.61871,21.14323],[-104.62083,21.14593],[-104.62167,21.14646],[-104.62289,21.14643],[-104.62473,21.14858],[-104.6251,21.14957],[-104.6274,21.15121],[-104.62718,21.15281],[-104.62651,21.15387],[-104.62761,21.15513],[-104.62828,21.1559],[-104.62849,21.15749],[-104.62851,21.15877],[-104.62816,21.15957],[-104.62809,21.16095],[-104.62766,21.16161],[-104.62765,21.16199],[-104.62878,21.16304],[-104.62865,21.16379],[-104.62827,21.16483],[-104.62827,21.16548],[-104.62863,21.16618],[-104.629,21.16677],[-104.62992,21.16685],[-104.6301,21.16722],[-104.63046,21.16841],[-104.63107,21.16856],[-104.63163,21.16918],[-104.63162,21.17045],[-104.63274,21.17141],[-104.63377,21.17265],[-104.63466,21.17391],[-104.63496,21.17524],[-104.63447,21.17538],[-104.63326,21.17355],[-104.63251,21.17227],[-104.63065,21.16996],[-104.62994,21.16875],[-104.62807,21.16795],[-104.62709,21.16833],[-104.62649,21.16817],[-104.62586,21.16812],[-104.62502,21.1675],[-104.62471,21.16709],[-104.62409,21.1662],[-104.62359,21.16569],[-104.62318,21.16502],[-104.62288,21.16501],[-104.62297,21.16441],[-104.6229,21.16358],[-104.6229,21.16298],[-104.62374,21.16131],[-104.62427,21.16107],[-104.62478,21.16075],[-104.62472,21.15978],[-104.6251,21.15953],[-104.62498,21.15847],[-104.62397,21.15718],[-104.6236,21.15579],[-104.62263,21.15435],[-104.62154,21.15464],[-104.62119,21.15371],[-104.62134,21.15332],[-104.61851,21.15043],[-104.61645,21.14868],[-104.61515,21.14764],[-104.61386,21.14586],[-104.61535,21.14438],[-104.61442,21.1436],[-104.61325,21.14173],[-104.61231,21.13902],[-104.61181,21.13572],[-104.6118,21.13215],[-104.61647,21.13279],[-104.61725,21.13192],[-104.61714,21.13181],[-104.61663,21.13141],[-104.61552,21.13075],[-104.61502,21.13054],[-104.61501,21.13058],[-104.61386,21.13062],[-104.61359,21.1305],[-104.61356,21.13044],[-104.61407,21.12883],[-104.61425,21.12862],[-104.61493,21.12844],[-104.61648,21.12788],[-104.6169,21.12727],[-104.61717,21.12676],[-104.61741,21.12662],[-104.61743,21.12643],[-104.61726,21.126],[-104.61632,21.12438],[-104.61452,21.12306],[-104.6115,21.12243],[-104.61107,21.12594],[-104.60977,21.12689],[-104.60364,21.12422],[-104.60109,21.12312],[-104.59346,21.11922],[-104.59203,21.11565],[-104.59614,21.11505],[-104.59752,21.11524],[-104.59827,21.11523],[-104.59977,21.1144],[-104.60079,21.11323],[-104.60104,21.11288],[-104.60045,21.11234],[-104.60052,21.11146],[-104.60009,21.11067],[-104.59828,21.10937],[-104.5965,21.10638],[-104.59296,21.10117],[-104.59003,21.09627],[-104.59123,21.08975],[-104.59165,21.08748],[-104.59302,21.08519],[-104.58708,21.08719],[-104.58355,21.08827],[-104.58401,21.09023],[-104.58548,21.09104],[-104.58615,21.09212],[-104.58531,21.09461],[-104.58319,21.09616],[-104.58046,21.09837],[-104.57901,21.09887],[-104.57636,21.09874],[-104.5723,21.10005],[-104.57293,21.10204],[-104.57621,21.10196],[-104.58016,21.10236],[-104.57697,21.10749],[-104.57774,21.11029],[-104.57622,21.11251],[-104.58146,21.11355],[-104.58636,21.1125],[-104.58945,21.11567],[-104.58655,21.12142],[-104.58526,21.12628],[-104.59105,21.12767],[-104.59982,21.13541],[-104.58556,21.13938],[-104.54207,21.16609],[-104.54056,21.16806],[-104.53515,21.17263],[-104.53698,21.17701],[-104.53831,21.17818]]]}}]}